행정구역,동읍면,연령,계,남자,여자
중구,소계,0~4세,"3,793","1,937","1,856"
중구,소계,5~9세,"4,131","2,070","2,061"
중구,소계,10~14세,"3,633","1,803","1,830"
중구,소계,15~19세,"3,449","1,714","1,735"
중구,소계,20~24세,"5,551","2,532","3,019"
중구,소계,25~29세,"7,915","3,666","4,249"
중구,소계,30~34세,"9,187","4,554","4,633"
중구,소계,35~39세,"7,929","4,226","3,703"
중구,소계,40~44세,"7,816","4,095","3,721"
중구,소계,45~49세,"6,498","3,200","3,298"
중구,소계,50~54세,"7,430","3,615","3,815"
중구,소계,55~59세,"6,409","3,139","3,270"
중구,소계,60~64세,"5,982","2,829","3,153"
중구,소계,65~69세,"5,506","2,511","2,995"
중구,소계,70~74세,"4,146","1,756","2,390"
중구,소계,75~79세,"3,490","1,403","2,087"
중구,소계,80~84세,"2,732","1,086","1,646"
중구,소계,85~89세,"1,494",488,"1,006"
중구,소계,90~94세,498,136,362
중구,소계,95~99세,101,24,77
중구,소계,100세이상,21,5,16
중구,동인동,0~4세,267,135,132
중구,동인동,5~9세,196,85,111
중구,동인동,10~14세,286,151,135
중구,동인동,15~19세,306,161,145
중구,동인동,20~24세,573,286,287
중구,동인동,25~29세,965,471,494
중구,동인동,30~34세,"1,117",577,540
중구,동인동,35~39세,749,426,323
중구,동인동,40~44세,687,374,313
중구,동인동,45~49세,579,321,258
중구,동인동,50~54세,764,398,366
중구,동인동,55~59세,684,346,338
중구,동인동,60~64세,696,365,331
중구,동인동,65~69세,626,300,326
중구,동인동,70~74세,483,212,271
중구,동인동,75~79세,418,163,255
중구,동인동,80~84세,334,126,208
중구,동인동,85~89세,181,62,119
중구,동인동,90~94세,75,24,51
중구,동인동,95~99세,18,3,15
중구,동인동,100세이상,4,2,2
중구,삼덕동,0~4세,183,93,90
중구,삼덕동,5~9세,218,113,105
중구,삼덕동,10~14세,274,140,134
중구,삼덕동,15~19세,223,105,118
중구,삼덕동,20~24세,660,301,359
중구,삼덕동,25~29세,"1,105",556,549
중구,삼덕동,30~34세,818,443,375
중구,삼덕동,35~39세,550,304,246
중구,삼덕동,40~44세,513,260,253
중구,삼덕동,45~49세,473,221,252
중구,삼덕동,50~54세,485,250,235
중구,삼덕동,55~59세,350,170,180
중구,삼덕동,60~64세,316,162,154
중구,삼덕동,65~69세,307,121,186
중구,삼덕동,70~74세,228,91,137
중구,삼덕동,75~79세,160,68,92
중구,삼덕동,80~84세,136,52,84
중구,삼덕동,85~89세,78,22,56
중구,삼덕동,90~94세,23,7,16
중구,삼덕동,95~99세,5,2,3
중구,삼덕동,100세이상,1,-,1
중구,성내1동,0~4세,27,12,15
중구,성내1동,5~9세,62,35,27
중구,성내1동,10~14세,74,37,37
중구,성내1동,15~19세,102,44,58
중구,성내1동,20~24세,589,202,387
중구,성내1동,25~29세,"1,007",438,569
중구,성내1동,30~34세,604,333,271
중구,성내1동,35~39세,261,155,106
중구,성내1동,40~44세,233,135,98
중구,성내1동,45~49세,222,124,98
중구,성내1동,50~54세,278,141,137
중구,성내1동,55~59세,250,137,113
중구,성내1동,60~64세,243,129,114
중구,성내1동,65~69세,267,140,127
중구,성내1동,70~74세,181,81,100
중구,성내1동,75~79세,172,65,107
중구,성내1동,80~84세,145,62,83
중구,성내1동,85~89세,82,24,58
중구,성내1동,90~94세,23,3,20
중구,성내1동,95~99세,13,4,9
중구,성내1동,100세이상,2,1,1
중구,성내2동,0~4세,304,167,137
중구,성내2동,5~9세,293,150,143
중구,성내2동,10~14세,204,99,105
중구,성내2동,15~19세,275,135,140
중구,성내2동,20~24세,668,230,438
중구,성내2동,25~29세,912,400,512
중구,성내2동,30~34세,794,388,406
중구,성내2동,35~39세,683,376,307
중구,성내2동,40~44세,552,311,241
중구,성내2동,45~49세,498,259,239
중구,성내2동,50~54세,552,278,274
중구,성내2동,55~59세,503,270,233
중구,성내2동,60~64세,459,230,229
중구,성내2동,65~69세,414,221,193
중구,성내2동,70~74세,303,128,175
중구,성내2동,75~79세,266,128,138
중구,성내2동,80~84세,183,74,109
중구,성내2동,85~89세,100,29,71
중구,성내2동,90~94세,26,8,18
중구,성내2동,95~99세,9,3,6
중구,성내2동,100세이상,-,-,-
중구,성내3동,0~4세,"1,021",536,485
중구,성내3동,5~9세,885,421,464
중구,성내3동,10~14세,558,254,304
중구,성내3동,15~19세,367,175,192
중구,성내3동,20~24세,414,214,200
중구,성내3동,25~29세,736,315,421
중구,성내3동,30~34세,"1,602",802,800
중구,성내3동,35~39세,"1,702",904,798
중구,성내3동,40~44세,"1,420",787,633
중구,성내3동,45~49세,848,423,425
중구,성내3동,50~54세,743,353,390
중구,성내3동,55~59세,607,304,303
중구,성내3동,60~64세,574,256,318
중구,성내3동,65~69세,478,230,248
중구,성내3동,70~74세,331,153,178
중구,성내3동,75~79세,241,107,134
중구,성내3동,80~84세,180,72,108
중구,성내3동,85~89세,92,30,62
중구,성내3동,90~94세,24,5,19
중구,성내3동,95~99세,2,-,2
중구,성내3동,100세이상,1,-,1
중구,대신동,0~4세,261,142,119
중구,대신동,5~9세,329,174,155
중구,대신동,10~14세,288,140,148
중구,대신동,15~19세,239,126,113
중구,대신동,20~24세,289,157,132
중구,대신동,25~29세,355,172,183
중구,대신동,30~34세,592,298,294
중구,대신동,35~39세,557,291,266
중구,대신동,40~44세,634,334,300
중구,대신동,45~49세,456,214,242
중구,대신동,50~54세,602,283,319
중구,대신동,55~59세,585,284,301
중구,대신동,60~64세,571,270,301
중구,대신동,65~69세,537,249,288
중구,대신동,70~74세,358,161,197
중구,대신동,75~79세,312,122,190
중구,대신동,80~84세,231,92,139
중구,대신동,85~89세,118,40,78
중구,대신동,90~94세,36,10,26
중구,대신동,95~99세,5,1,4
중구,대신동,100세이상,2,-,2
중구,남산1동,0~4세,155,82,73
중구,남산1동,5~9세,142,70,72
중구,남산1동,10~14세,162,78,84
중구,남산1동,15~19세,167,79,88
중구,남산1동,20~24세,321,144,177
중구,남산1동,25~29세,483,221,262
중구,남산1동,30~34세,436,207,229
중구,남산1동,35~39세,345,191,154
중구,남산1동,40~44세,351,170,181
중구,남산1동,45~49세,330,172,158
중구,남산1동,50~54세,334,164,170
중구,남산1동,55~59세,353,188,165
중구,남산1동,60~64세,345,161,184
중구,남산1동,65~69세,293,135,158
중구,남산1동,70~74세,223,89,134
중구,남산1동,75~79세,207,85,122
중구,남산1동,80~84세,177,81,96
중구,남산1동,85~89세,84,21,63
중구,남산1동,90~94세,25,5,20
중구,남산1동,95~99세,2,1,1
중구,남산1동,100세이상,1,-,1
중구,남산2동,0~4세,312,136,176
중구,남산2동,5~9세,433,215,218
중구,남산2동,10~14세,290,121,169
중구,남산2동,15~19세,232,102,130
중구,남산2동,20~24세,338,147,191
중구,남산2동,25~29세,494,223,271
중구,남산2동,30~34세,669,294,375
중구,남산2동,35~39세,647,336,311
중구,남산2동,40~44세,669,352,317
중구,남산2동,45~49세,477,247,230
중구,남산2동,50~54세,548,286,262
중구,남산2동,55~59세,412,197,215
중구,남산2동,60~64세,417,203,214
중구,남산2동,65~69세,322,142,180
중구,남산2동,70~74세,297,129,168
중구,남산2동,75~79세,269,104,165
중구,남산2동,80~84세,172,77,95
중구,남산2동,85~89세,98,32,66
중구,남산2동,90~94세,45,10,35
중구,남산2동,95~99세,7,-,7
중구,남산2동,100세이상,2,-,2
중구,남산3동,0~4세,133,62,71
중구,남산3동,5~9세,191,97,94
중구,남산3동,10~14세,254,138,116
중구,남산3동,15~19세,256,133,123
중구,남산3동,20~24세,239,127,112
중구,남산3동,25~29세,280,147,133
중구,남산3동,30~34세,324,161,163
중구,남산3동,35~39세,311,167,144
중구,남산3동,40~44세,452,218,234
중구,남산3동,45~49세,488,244,244
중구,남산3동,50~54세,501,233,268
중구,남산3동,55~59세,483,212,271
중구,남산3동,60~64세,484,214,270
중구,남산3동,65~69세,464,185,279
중구,남산3동,70~74세,391,154,237
중구,남산3동,75~79세,280,108,172
중구,남산3동,80~84세,251,89,162
중구,남산3동,85~89세,140,34,106
중구,남산3동,90~94세,53,11,42
중구,남산3동,95~99세,6,-,6
중구,남산3동,100세이상,-,-,-
중구,남산4동,0~4세,670,349,321
중구,남산4동,5~9세,857,434,423
중구,남산4동,10~14세,700,375,325
중구,남산4동,15~19세,677,349,328
중구,남산4동,20~24세,769,385,384
중구,남산4동,25~29세,760,330,430
중구,남산4동,30~34세,"1,258",593,665
중구,남산4동,35~39세,"1,205",596,609
중구,남산4동,40~44세,"1,341",697,644
중구,남산4동,45~49세,"1,169",536,633
중구,남산4동,50~54세,"1,355",644,711
중구,남산4동,55~59세,"1,159",540,619
중구,남산4동,60~64세,"1,047",456,591
중구,남산4동,65~69세,"1,024",427,597
중구,남산4동,70~74세,810,318,492
중구,남산4동,75~79세,657,260,397
중구,남산4동,80~84세,489,191,298
중구,남산4동,85~89세,285,97,188
중구,남산4동,90~94세,80,28,52
중구,남산4동,95~99세,18,4,14
중구,남산4동,100세이상,6,2,4
중구,대봉1동,0~4세,208,98,110
중구,대봉1동,5~9세,309,162,147
중구,대봉1동,10~14세,359,180,179
중구,대봉1동,15~19세,368,183,185
중구,대봉1동,20~24세,408,187,221
중구,대봉1동,25~29세,523,253,270
중구,대봉1동,30~34세,497,229,268
중구,대봉1동,35~39세,478,234,244
중구,대봉1동,40~44세,560,268,292
중구,대봉1동,45~49세,561,264,297
중구,대봉1동,50~54세,711,331,380
중구,대봉1동,55~59세,612,283,329
중구,대봉1동,60~64세,496,243,253
중구,대봉1동,65~69세,455,212,243
중구,대봉1동,70~74세,315,142,173
중구,대봉1동,75~79세,313,110,203
중구,대봉1동,80~84세,297,112,185
중구,대봉1동,85~89세,183,77,106
중구,대봉1동,90~94세,69,22,47
중구,대봉1동,95~99세,12,5,7
중구,대봉1동,100세이상,1,-,1
중구,대봉2동,0~4세,252,125,127
중구,대봉2동,5~9세,216,114,102
중구,대봉2동,10~14세,184,90,94
중구,대봉2동,15~19세,237,122,115
중구,대봉2동,20~24세,283,152,131
중구,대봉2동,25~29세,295,140,155
중구,대봉2동,30~34세,476,229,247
중구,대봉2동,35~39세,441,246,195
중구,대봉2동,40~44세,404,189,215
중구,대봉2동,45~49세,397,175,222
중구,대봉2동,50~54세,557,254,303
중구,대봉2동,55~59세,411,208,203
중구,대봉2동,60~64세,334,140,194
중구,대봉2동,65~69세,319,149,170
중구,대봉2동,70~74세,226,98,128
중구,대봉2동,75~79세,195,83,112
중구,대봉2동,80~84세,137,58,79
중구,대봉2동,85~89세,53,20,33
중구,대봉2동,90~94세,19,3,16
중구,대봉2동,95~99세,4,1,3
중구,대봉2동,100세이상,1,-,1
동구,소계,0~4세,"8,620","4,445","4,175"
동구,소계,5~9세,"11,980","6,163","5,817"
동구,소계,10~14세,"13,301","6,841","6,460"
동구,소계,15~19세,"12,665","6,648","6,017"
동구,소계,20~24세,"15,729","8,241","7,488"
동구,소계,25~29세,"20,184","10,413","9,771"
동구,소계,30~34세,"23,511","12,600","10,911"
동구,소계,35~39세,"20,805","11,162","9,643"
동구,소계,40~44세,"24,445","12,635","11,810"
동구,소계,45~49세,"23,820","12,086","11,734"
동구,소계,50~54세,"28,246","14,036","14,210"
동구,소계,55~59세,"28,770","13,880","14,890"
동구,소계,60~64세,"29,361","13,823","15,538"
동구,소계,65~69세,"27,316","12,558","14,758"
동구,소계,70~74세,"19,778","8,855","10,923"
동구,소계,75~79세,"14,585","6,233","8,352"
동구,소계,80~84세,"11,147","4,346","6,801"
동구,소계,85~89세,"5,792","1,921","3,871"
동구,소계,90~94세,"1,880",480,"1,400"
동구,소계,95~99세,359,65,294
동구,소계,100세이상,45,7,38
동구,신암1동,0~4세,413,215,198
동구,신암1동,5~9세,493,262,231
동구,신암1동,10~14세,298,154,144
동구,신암1동,15~19세,279,165,114
동구,신암1동,20~24세,539,300,239
동구,신암1동,25~29세,617,331,286
동구,신암1동,30~34세,781,397,384
동구,신암1동,35~39세,887,480,407
동구,신암1동,40~44세,762,443,319
동구,신암1동,45~49세,652,341,311
동구,신암1동,50~54세,840,423,417
동구,신암1동,55~59세,868,452,416
동구,신암1동,60~64세,853,411,442
동구,신암1동,65~69세,802,358,444
동구,신암1동,70~74세,628,266,362
동구,신암1동,75~79세,515,218,297
동구,신암1동,80~84세,493,172,321
동구,신암1동,85~89세,249,87,162
동구,신암1동,90~94세,65,20,45
동구,신암1동,95~99세,13,2,11
동구,신암1동,100세이상,3,-,3
동구,신암2동,0~4세,458,230,228
동구,신암2동,5~9세,586,304,282
동구,신암2동,10~14세,514,285,229
동구,신암2동,15~19세,473,246,227
동구,신암2동,20~24세,433,226,207
동구,신암2동,25~29세,490,242,248
동구,신암2동,30~34세,835,424,411
동구,신암2동,35~39세,899,459,440
동구,신암2동,40~44세,939,469,470
동구,신암2동,45~49세,944,463,481
동구,신암2동,50~54세,971,488,483
동구,신암2동,55~59세,821,377,444
동구,신암2동,60~64세,794,351,443
동구,신암2동,65~69세,795,340,455
동구,신암2동,70~74세,594,232,362
동구,신암2동,75~79세,483,178,305
동구,신암2동,80~84세,409,133,276
동구,신암2동,85~89세,202,66,136
동구,신암2동,90~94세,80,18,62
동구,신암2동,95~99세,12,5,7
동구,신암2동,100세이상,1,-,1
동구,신암3동,0~4세,595,328,267
동구,신암3동,5~9세,577,293,284
동구,신암3동,10~14세,398,213,185
동구,신암3동,15~19세,329,182,147
동구,신암3동,20~24세,446,242,204
동구,신암3동,25~29세,602,283,319
동구,신암3동,30~34세,"1,131",547,584
동구,신암3동,35~39세,"1,128",595,533
동구,신암3동,40~44세,924,493,431
동구,신암3동,45~49세,667,338,329
동구,신암3동,50~54세,827,388,439
동구,신암3동,55~59세,762,391,371
동구,신암3동,60~64세,773,345,428
동구,신암3동,65~69세,724,345,379
동구,신암3동,70~74세,505,217,288
동구,신암3동,75~79세,425,184,241
동구,신암3동,80~84세,298,129,169
동구,신암3동,85~89세,147,55,92
동구,신암3동,90~94세,50,13,37
동구,신암3동,95~99세,8,1,7
동구,신암3동,100세이상,1,-,1
동구,신암4동,0~4세,649,340,309
동구,신암4동,5~9세,419,182,237
동구,신암4동,10~14세,432,216,216
동구,신암4동,15~19세,497,274,223
동구,신암4동,20~24세,952,499,453
동구,신암4동,25~29세,"1,418",672,746
동구,신암4동,30~34세,"1,977","1,060",917
동구,신암4동,35~39세,"1,493",859,634
동구,신암4동,40~44세,"1,164",622,542
동구,신암4동,45~49세,"1,037",530,507
동구,신암4동,50~54세,"1,484",744,740
동구,신암4동,55~59세,"1,560",752,808
동구,신암4동,60~64세,"1,504",706,798
동구,신암4동,65~69세,"1,348",619,729
동구,신암4동,70~74세,880,415,465
동구,신암4동,75~79세,670,278,392
동구,신암4동,80~84세,478,176,302
동구,신암4동,85~89세,221,87,134
동구,신암4동,90~94세,73,20,53
동구,신암4동,95~99세,11,4,7
동구,신암4동,100세이상,4,2,2
동구,신암5동,0~4세,188,90,98
동구,신암5동,5~9세,234,116,118
동구,신암5동,10~14세,205,95,110
동구,신암5동,15~19세,206,98,108
동구,신암5동,20~24세,280,145,135
동구,신암5동,25~29세,432,230,202
동구,신암5동,30~34세,529,281,248
동구,신암5동,35~39세,497,279,218
동구,신암5동,40~44세,477,253,224
동구,신암5동,45~49세,432,216,216
동구,신암5동,50~54세,606,300,306
동구,신암5동,55~59세,636,306,330
동구,신암5동,60~64세,741,323,418
동구,신암5동,65~69세,724,311,413
동구,신암5동,70~74세,500,220,280
동구,신암5동,75~79세,385,155,230
동구,신암5동,80~84세,298,121,177
동구,신암5동,85~89세,171,48,123
동구,신암5동,90~94세,39,10,29
동구,신암5동,95~99세,7,-,7
동구,신암5동,100세이상,-,-,-
동구,신천1·2동,0~4세,124,67,57
동구,신천1·2동,5~9세,217,103,114
동구,신천1·2동,10~14세,356,208,148
동구,신천1·2동,15~19세,332,172,160
동구,신천1·2동,20~24세,515,267,248
동구,신천1·2동,25~29세,694,356,338
동구,신천1·2동,30~34세,684,366,318
동구,신천1·2동,35~39세,486,247,239
동구,신천1·2동,40~44세,625,322,303
동구,신천1·2동,45~49세,764,386,378
동구,신천1·2동,50~54세,924,432,492
동구,신천1·2동,55~59세,"1,014",452,562
동구,신천1·2동,60~64세,"1,067",498,569
동구,신천1·2동,65~69세,"1,061",447,614
동구,신천1·2동,70~74세,840,343,497
동구,신천1·2동,75~79세,664,252,412
동구,신천1·2동,80~84세,621,222,399
동구,신천1·2동,85~89세,271,97,174
동구,신천1·2동,90~94세,93,25,68
동구,신천1·2동,95~99세,13,2,11
동구,신천1·2동,100세이상,-,-,-
동구,신천3동,0~4세,553,282,271
동구,신천3동,5~9세,569,310,259
동구,신천3동,10~14세,603,342,261
동구,신천3동,15~19세,594,335,259
동구,신천3동,20~24세,666,361,305
동구,신천3동,25~29세,936,476,460
동구,신천3동,30~34세,"1,175",587,588
동구,신천3동,35~39세,"1,099",570,529
동구,신천3동,40~44세,"1,211",639,572
동구,신천3동,45~49세,983,455,528
동구,신천3동,50~54세,"1,194",558,636
동구,신천3동,55~59세,"1,162",569,593
동구,신천3동,60~64세,"1,020",497,523
동구,신천3동,65~69세,867,406,461
동구,신천3동,70~74세,587,270,317
동구,신천3동,75~79세,445,163,282
동구,신천3동,80~84세,336,124,212
동구,신천3동,85~89세,194,78,116
동구,신천3동,90~94세,73,17,56
동구,신천3동,95~99세,18,5,13
동구,신천3동,100세이상,1,-,1
동구,신천4동,0~4세,309,156,153
동구,신천4동,5~9세,309,161,148
동구,신천4동,10~14세,211,114,97
동구,신천4동,15~19세,266,150,116
동구,신천4동,20~24세,522,241,281
동구,신천4동,25~29세,982,402,580
동구,신천4동,30~34세,"1,137",595,542
동구,신천4동,35~39세,860,479,381
동구,신천4동,40~44세,770,416,354
동구,신천4동,45~49세,625,352,273
동구,신천4동,50~54세,734,384,350
동구,신천4동,55~59세,757,379,378
동구,신천4동,60~64세,698,340,358
동구,신천4동,65~69세,714,331,383
동구,신천4동,70~74세,519,220,299
동구,신천4동,75~79세,387,159,228
동구,신천4동,80~84세,271,122,149
동구,신천4동,85~89세,166,55,111
동구,신천4동,90~94세,54,16,38
동구,신천4동,95~99세,10,1,9
동구,신천4동,100세이상,2,1,1
동구,효목1동,0~4세,93,48,45
동구,효목1동,5~9세,184,112,72
동구,효목1동,10~14세,249,137,112
동구,효목1동,15~19세,314,173,141
동구,효목1동,20~24세,526,269,257
동구,효목1동,25~29세,694,359,335
동구,효목1동,30~34세,626,388,238
동구,효목1동,35~39세,452,276,176
동구,효목1동,40~44세,597,339,258
동구,효목1동,45~49세,671,361,310
동구,효목1동,50~54세,926,480,446
동구,효목1동,55~59세,"1,105",557,548
동구,효목1동,60~64세,"1,302",610,692
동구,효목1동,65~69세,"1,321",604,717
동구,효목1동,70~74세,"1,034",443,591
동구,효목1동,75~79세,797,348,449
동구,효목1동,80~84세,653,272,381
동구,효목1동,85~89세,301,109,192
동구,효목1동,90~94세,68,19,49
동구,효목1동,95~99세,10,3,7
동구,효목1동,100세이상,1,-,1
동구,효목2동,0~4세,312,154,158
동구,효목2동,5~9세,367,176,191
동구,효목2동,10~14세,425,206,219
동구,효목2동,15~19세,514,277,237
동구,효목2동,20~24세,624,310,314
동구,효목2동,25~29세,851,436,415
동구,효목2동,30~34세,"1,026",556,470
동구,효목2동,35~39세,766,431,335
동구,효목2동,40~44세,886,432,454
동구,효목2동,45~49세,946,479,467
동구,효목2동,50~54세,"1,135",556,579
동구,효목2동,55~59세,"1,161",542,619
동구,효목2동,60~64세,"1,260",565,695
동구,효목2동,65~69세,"1,206",545,661
동구,효목2동,70~74세,901,363,538
동구,효목2동,75~79세,679,282,397
동구,효목2동,80~84세,497,196,301
동구,효목2동,85~89세,285,93,192
동구,효목2동,90~94세,76,22,54
동구,효목2동,95~99세,22,5,17
동구,효목2동,100세이상,1,-,1
동구,도평동,0~4세,49,26,23
동구,도평동,5~9세,55,28,27
동구,도평동,10~14세,70,37,33
동구,도평동,15~19세,89,57,32
동구,도평동,20~24세,205,149,56
동구,도평동,25~29세,289,200,89
동구,도평동,30~34세,214,135,79
동구,도평동,35~39세,133,77,56
동구,도평동,40~44세,161,99,62
동구,도평동,45~49세,173,109,64
동구,도평동,50~54세,284,162,122
동구,도평동,55~59세,330,177,153
동구,도평동,60~64세,378,186,192
동구,도평동,65~69세,378,190,188
동구,도평동,70~74세,263,132,131
동구,도평동,75~79세,211,83,128
동구,도평동,80~84세,185,78,107
동구,도평동,85~89세,95,32,63
동구,도평동,90~94세,34,9,25
동구,도평동,95~99세,3,-,3
동구,도평동,100세이상,-,-,-
동구,불로봉무동,0~4세,461,243,218
동구,불로봉무동,5~9세,933,467,466
동구,불로봉무동,10~14세,"1,185",603,582
동구,불로봉무동,15~19세,"1,092",554,538
동구,불로봉무동,20~24세,938,483,455
동구,불로봉무동,25~29세,940,505,435
동구,불로봉무동,30~34세,975,527,448
동구,불로봉무동,35~39세,"1,077",549,528
동구,불로봉무동,40~44세,"1,649",776,873
동구,불로봉무동,45~49세,"1,755",871,884
동구,불로봉무동,50~54세,"1,810",902,908
동구,불로봉무동,55~59세,"1,609",805,804
동구,불로봉무동,60~64세,"1,556",746,810
동구,불로봉무동,65~69세,"1,417",648,769
동구,불로봉무동,70~74세,"1,008",497,511
동구,불로봉무동,75~79세,666,287,379
동구,불로봉무동,80~84세,475,204,271
동구,불로봉무동,85~89세,236,80,156
동구,불로봉무동,90~94세,85,19,66
동구,불로봉무동,95~99세,23,6,17
동구,불로봉무동,100세이상,2,-,2
동구,지저동,0~4세,157,84,73
동구,지저동,5~9세,260,131,129
동구,지저동,10~14세,308,163,145
동구,지저동,15~19세,353,184,169
동구,지저동,20~24세,567,295,272
동구,지저동,25~29세,736,414,322
동구,지저동,30~34세,758,431,327
동구,지저동,35~39세,546,309,237
동구,지저동,40~44세,673,388,285
동구,지저동,45~49세,715,390,325
동구,지저동,50~54세,"1,031",533,498
동구,지저동,55~59세,"1,314",643,671
동구,지저동,60~64세,"1,531",696,835
동구,지저동,65~69세,"1,504",741,763
동구,지저동,70~74세,986,444,542
동구,지저동,75~79세,707,318,389
동구,지저동,80~84세,524,196,328
동구,지저동,85~89세,249,83,166
동구,지저동,90~94세,92,23,69
동구,지저동,95~99세,9,-,9
동구,지저동,100세이상,2,-,2
동구,동촌동,0~4세,203,92,111
동구,동촌동,5~9세,349,175,174
동구,동촌동,10~14세,393,205,188
동구,동촌동,15~19세,395,197,198
동구,동촌동,20~24세,634,357,277
동구,동촌동,25~29세,903,514,389
동구,동촌동,30~34세,935,526,409
동구,동촌동,35~39세,672,391,281
동구,동촌동,40~44세,852,466,386
동구,동촌동,45~49세,850,455,395
동구,동촌동,50~54세,"1,114",581,533
동구,동촌동,55~59세,"1,378",669,709
동구,동촌동,60~64세,"1,526",760,766
동구,동촌동,65~69세,"1,445",692,753
동구,동촌동,70~74세,"1,008",476,532
동구,동촌동,75~79세,709,300,409
동구,동촌동,80~84세,583,239,344
동구,동촌동,85~89세,288,94,194
동구,동촌동,90~94세,86,21,65
동구,동촌동,95~99세,22,6,16
동구,동촌동,100세이상,1,-,1
동구,방촌동,0~4세,193,108,85
동구,방촌동,5~9세,364,197,167
동구,방촌동,10~14세,537,276,261
동구,방촌동,15~19세,557,291,266
동구,방촌동,20~24세,787,436,351
동구,방촌동,25~29세,973,517,456
동구,방촌동,30~34세,937,524,413
동구,방촌동,35~39세,664,366,298
동구,방촌동,40~44세,888,478,410
동구,방촌동,45~49세,987,503,484
동구,방촌동,50~54세,"1,385",657,728
동구,방촌동,55~59세,"1,787",801,986
동구,방촌동,60~64세,"1,901",900,"1,001"
동구,방촌동,65~69세,"1,772",804,968
동구,방촌동,70~74세,"1,309",589,720
동구,방촌동,75~79세,889,380,509
동구,방촌동,80~84세,732,287,445
동구,방촌동,85~89세,414,152,262
동구,방촌동,90~94세,144,40,104
동구,방촌동,95~99세,27,5,22
동구,방촌동,100세이상,3,-,3
동구,해안동,0~4세,200,108,92
동구,해안동,5~9세,256,134,122
동구,해안동,10~14세,368,193,175
동구,해안동,15~19세,366,200,166
동구,해안동,20~24세,581,312,269
동구,해안동,25~29세,852,478,374
동구,해안동,30~34세,805,451,354
동구,해안동,35~39세,573,331,242
동구,해안동,40~44세,709,396,313
동구,해안동,45~49세,790,413,377
동구,해안동,50~54세,"1,040",541,499
동구,해안동,55~59세,"1,341",691,650
동구,해안동,60~64세,"1,453",706,747
동구,해안동,65~69세,"1,347",616,731
동구,해안동,70~74세,"1,067",467,600
동구,해안동,75~79세,837,377,460
동구,해안동,80~84세,614,234,380
동구,해안동,85~89세,302,93,209
동구,해안동,90~94세,97,23,74
동구,해안동,95~99세,27,7,20
동구,해안동,100세이상,4,1,3
동구,안심1동,0~4세,747,379,368
동구,안심1동,5~9세,"1,497",790,707
동구,안심1동,10~14세,"1,783",921,862
동구,안심1동,15~19세,"1,610",849,761
동구,안심1동,20~24세,"1,805",922,883
동구,안심1동,25~29세,"2,182","1,147","1,035"
동구,안심1동,30~34세,"2,096","1,155",941
동구,안심1동,35~39세,"2,005","1,046",959
동구,안심1동,40~44세,"2,816","1,402","1,414"
동구,안심1동,45~49세,"2,898","1,455","1,443"
동구,안심1동,50~54세,"3,123","1,554","1,569"
동구,안심1동,55~59세,"3,191","1,520","1,671"
동구,안심1동,60~64세,"3,423","1,621","1,802"
동구,안심1동,65~69세,"3,182","1,392","1,790"
동구,안심1동,70~74세,"2,263","1,037","1,226"
동구,안심1동,75~79세,"1,563",663,900
동구,안심1동,80~84세,"1,134",433,701
동구,안심1동,85~89세,650,173,477
동구,안심1동,90~94세,200,47,153
동구,안심1동,95~99세,38,1,37
동구,안심1동,100세이상,4,1,3
동구,안심2동,0~4세,574,301,273
동구,안심2동,5~9세,507,253,254
동구,안심2동,10~14세,475,244,231
동구,안심2동,15~19세,541,288,253
동구,안심2동,20~24세,762,404,358
동구,안심2동,25~29세,"1,032",523,509
동구,안심2동,30~34세,"1,371",724,647
동구,안심2동,35~39세,"1,162",637,525
동구,안심2동,40~44세,"1,099",591,508
동구,안심2동,45~49세,"1,067",566,501
동구,안심2동,50~54세,"1,437",695,742
동구,안심2동,55~59세,"1,565",728,837
동구,안심2동,60~64세,"1,442",714,728
동구,안심2동,65~69세,"1,180",572,608
동구,안심2동,70~74세,847,379,468
동구,안심2동,75~79세,592,265,327
동구,안심2동,80~84세,391,156,235
동구,안심2동,85~89세,194,82,112
동구,안심2동,90~94세,72,23,49
동구,안심2동,95~99세,18,-,18
동구,안심2동,100세이상,1,-,1
동구,안심3동,0~4세,568,274,294
동구,안심3동,5~9세,966,485,481
동구,안심3동,10~14세,"1,338",674,664
동구,안심3동,15~19세,"1,245",631,614
동구,안심3동,20~24세,"1,139",567,572
동구,안심3동,25~29세,"1,030",516,514
동구,안심3동,30~34세,"1,218",646,572
동구,안심3동,35~39세,"1,209",595,614
동구,안심3동,40~44세,"1,756",822,934
동구,안심3동,45~49세,"1,954",940,"1,014"
동구,안심3동,50~54세,"1,913",977,936
동구,안심3동,55~59세,"1,449",713,736
동구,안심3동,60~64세,"1,144",549,595
동구,안심3동,65~69세,"1,011",456,555
동구,안심3동,70~74세,842,341,501
동구,안심3동,75~79세,625,267,358
동구,안심3동,80~84세,484,205,279
동구,안심3동,85~89세,240,77,163
동구,안심3동,90~94세,85,25,60
동구,안심3동,95~99세,15,6,9
동구,안심3동,100세이상,2,-,2
동구,안심4동,0~4세,628,318,310
동구,안심4동,5~9세,954,519,435
동구,안심4동,10~14세,"1,319",664,655
동구,안심4동,15~19세,"1,384",691,693
동구,안심4동,20~24세,"1,523",784,739
동구,안심4동,25~29세,"1,668",872,796
동구,안심4동,30~34세,"1,683",960,723
동구,안심4동,35~39세,"1,464",764,700
동구,안심4동,40~44세,"2,046","1,030","1,016"
동구,안심4동,45~49세,"2,118","1,031","1,087"
동구,안심4동,50~54세,"2,621","1,256","1,365"
동구,안심4동,55~59세,"2,215","1,083","1,132"
동구,안심4동,60~64세,"2,076",951,"1,125"
동구,안심4동,65~69세,"1,845",859,986
동구,안심4동,70~74세,"1,252",579,673
동구,안심4동,75~79세,883,397,486
동구,안심4동,80~84세,673,265,408
동구,안심4동,85~89세,305,89,216
동구,안심4동,90~94세,108,22,86
동구,안심4동,95~99세,16,3,13
동구,안심4동,100세이상,2,2,-
동구,혁신동,0~4세,683,353,330
동구,혁신동,5~9세,"1,250",651,599
동구,혁신동,10~14세,"1,221",599,622
동구,혁신동,15~19세,604,308,296
동구,혁신동,20~24세,512,254,258
동구,혁신동,25~29세,954,432,522
동구,혁신동,30~34세,"1,523",765,758
동구,혁신동,35~39세,"1,642",826,816
동구,혁신동,40~44세,"2,095","1,059","1,036"
동구,혁신동,45~49세,"1,536",826,710
동구,혁신동,50~54세,"1,088",562,526
동구,혁신동,55~59세,846,383,463
동구,혁신동,60~64세,867,356,511
동구,혁신동,65~69세,844,386,458
동구,혁신동,70~74세,551,269,282
동구,혁신동,75~79세,359,150,209
동구,혁신동,80~84세,203,82,121
동구,혁신동,85~89세,114,36,78
동구,혁신동,90~94세,37,4,33
동구,혁신동,95~99세,8,-,8
동구,혁신동,100세이상,3,-,3
동구,공산동,0~4세,463,249,214
동구,공산동,5~9세,634,314,320
동구,공산동,10~14세,613,292,321
동구,공산동,15~19세,625,326,299
동구,공산동,20~24세,773,418,355
동구,공산동,25~29세,909,508,401
동구,공산동,30~34세,"1,095",555,540
동구,공산동,35~39세,"1,091",596,495
동구,공산동,40~44세,"1,346",700,646
동구,공산동,45~49세,"1,256",606,650
동구,공산동,50~54세,"1,759",863,896
동구,공산동,55~59세,"1,899",890,"1,009"
동구,공산동,60~64세,"2,052",992,"1,060"
동구,공산동,65~69세,"1,829",896,933
동구,공산동,70~74세,"1,394",656,738
동구,공산동,75~79세,"1,094",529,565
동구,공산동,80~84세,795,300,495
동구,공산동,85~89세,498,155,343
동구,공산동,90~94세,169,44,125
동구,공산동,95~99세,29,3,26
동구,공산동,100세이상,7,-,7
서구,소계,0~4세,"2,899","1,539","1,360"
서구,소계,5~9세,"3,956","2,058","1,898"
서구,소계,10~14세,"4,618","2,287","2,331"
서구,소계,15~19세,"4,824","2,440","2,384"
서구,소계,20~24세,"6,549","3,529","3,020"
서구,소계,25~29세,"9,301","4,916","4,385"
서구,소계,30~34세,"10,579","5,962","4,617"
서구,소계,35~39세,"8,504","4,853","3,651"
서구,소계,40~44세,"9,735","5,281","4,454"
서구,소계,45~49세,"9,958","5,296","4,662"
서구,소계,50~54세,"13,224","6,926","6,298"
서구,소계,55~59세,"16,118","7,997","8,121"
서구,소계,60~64세,"17,644","8,658","8,986"
서구,소계,65~69세,"15,767","7,262","8,505"
서구,소계,70~74세,"11,414","5,026","6,388"
서구,소계,75~79세,"7,954","3,403","4,551"
서구,소계,80~84세,"5,965","2,261","3,704"
서구,소계,85~89세,"3,037",965,"2,072"
서구,소계,90~94세,894,198,696
서구,소계,95~99세,174,25,149
서구,소계,100세이상,21,-,21
서구,내당1동,0~4세,241,142,99
서구,내당1동,5~9세,319,161,158
서구,내당1동,10~14세,248,136,112
서구,내당1동,15~19세,242,121,121
서구,내당1동,20~24세,390,210,180
서구,내당1동,25~29세,673,338,335
서구,내당1동,30~34세,672,363,309
서구,내당1동,35~39세,649,343,306
서구,내당1동,40~44세,678,374,304
서구,내당1동,45~49세,553,302,251
서구,내당1동,50~54세,685,324,361
서구,내당1동,55~59세,847,393,454
서구,내당1동,60~64세,924,420,504
서구,내당1동,65~69세,831,367,464
서구,내당1동,70~74세,591,275,316
서구,내당1동,75~79세,418,176,242
서구,내당1동,80~84세,315,136,179
서구,내당1동,85~89세,156,46,110
서구,내당1동,90~94세,58,12,46
서구,내당1동,95~99세,11,2,9
서구,내당1동,100세이상,-,-,-
서구,내당2·3동,0~4세,58,36,22
서구,내당2·3동,5~9세,108,54,54
서구,내당2·3동,10~14세,155,84,71
서구,내당2·3동,15~19세,185,102,83
서구,내당2·3동,20~24세,309,168,141
서구,내당2·3동,25~29세,487,251,236
서구,내당2·3동,30~34세,409,243,166
서구,내당2·3동,35~39세,287,180,107
서구,내당2·3동,40~44세,407,231,176
서구,내당2·3동,45~49세,466,271,195
서구,내당2·3동,50~54세,702,372,330
서구,내당2·3동,55~59세,874,440,434
서구,내당2·3동,60~64세,967,466,501
서구,내당2·3동,65~69세,912,393,519
서구,내당2·3동,70~74세,719,293,426
서구,내당2·3동,75~79세,537,211,326
서구,내당2·3동,80~84세,421,147,274
서구,내당2·3동,85~89세,232,62,170
서구,내당2·3동,90~94세,51,11,40
서구,내당2·3동,95~99세,10,3,7
서구,내당2·3동,100세이상,1,-,1
서구,내당4동,0~4세,108,54,54
서구,내당4동,5~9세,279,145,134
서구,내당4동,10~14세,361,176,185
서구,내당4동,15~19세,487,255,232
서구,내당4동,20~24세,703,339,364
서구,내당4동,25~29세,997,519,478
서구,내당4동,30~34세,953,551,402
서구,내당4동,35~39세,700,397,303
서구,내당4동,40~44세,825,439,386
서구,내당4동,45~49세,864,430,434
서구,내당4동,50~54세,"1,209",573,636
서구,내당4동,55~59세,"1,376",620,756
서구,내당4동,60~64세,"1,544",686,858
서구,내당4동,65~69세,"1,492",663,829
서구,내당4동,70~74세,"1,038",458,580
서구,내당4동,75~79세,762,329,433
서구,내당4동,80~84세,476,198,278
서구,내당4동,85~89세,295,90,205
서구,내당4동,90~94세,98,21,77
서구,내당4동,95~99세,19,5,14
서구,내당4동,100세이상,3,-,3
서구,비산1동,0~4세,55,35,20
서구,비산1동,5~9세,99,48,51
서구,비산1동,10~14세,192,95,97
서구,비산1동,15~19세,264,139,125
서구,비산1동,20~24세,322,182,140
서구,비산1동,25~29세,402,236,166
서구,비산1동,30~34세,395,234,161
서구,비산1동,35~39세,281,174,107
서구,비산1동,40~44세,407,225,182
서구,비산1동,45~49세,478,251,227
서구,비산1동,50~54세,760,426,334
서구,비산1동,55~59세,958,502,456
서구,비산1동,60~64세,981,501,480
서구,비산1동,65~69세,865,399,466
서구,비산1동,70~74세,689,294,395
서구,비산1동,75~79세,514,205,309
서구,비산1동,80~84세,380,146,234
서구,비산1동,85~89세,191,68,123
서구,비산1동,90~94세,48,12,36
서구,비산1동,95~99세,8,-,8
서구,비산1동,100세이상,-,-,-
서구,비산2·3동,0~4세,39,20,19
서구,비산2·3동,5~9세,117,62,55
서구,비산2·3동,10~14세,149,78,71
서구,비산2·3동,15~19세,193,116,77
서구,비산2·3동,20~24세,270,157,113
서구,비산2·3동,25~29세,355,188,167
서구,비산2·3동,30~34세,364,217,147
서구,비산2·3동,35~39세,250,157,93
서구,비산2·3동,40~44세,361,191,170
서구,비산2·3동,45~49세,424,252,172
서구,비산2·3동,50~54세,622,339,283
서구,비산2·3동,55~59세,849,448,401
서구,비산2·3동,60~64세,972,480,492
서구,비산2·3동,65~69세,939,449,490
서구,비산2·3동,70~74세,744,297,447
서구,비산2·3동,75~79세,550,204,346
서구,비산2·3동,80~84세,497,169,328
서구,비산2·3동,85~89세,264,86,178
서구,비산2·3동,90~94세,63,16,47
서구,비산2·3동,95~99세,13,2,11
서구,비산2·3동,100세이상,1,-,1
서구,비산4동,0~4세,53,27,26
서구,비산4동,5~9세,155,81,74
서구,비산4동,10~14세,213,99,114
서구,비산4동,15~19세,229,120,109
서구,비산4동,20~24세,376,203,173
서구,비산4동,25~29세,491,257,234
서구,비산4동,30~34세,451,258,193
서구,비산4동,35~39세,320,195,125
서구,비산4동,40~44세,431,240,191
서구,비산4동,45~49세,554,282,272
서구,비산4동,50~54세,704,377,327
서구,비산4동,55~59세,964,456,508
서구,비산4동,60~64세,"1,029",481,548
서구,비산4동,65~69세,978,427,551
서구,비산4동,70~74세,698,300,398
서구,비산4동,75~79세,477,194,283
서구,비산4동,80~84세,356,130,226
서구,비산4동,85~89세,174,50,124
서구,비산4동,90~94세,51,13,38
서구,비산4동,95~99세,5,1,4
서구,비산4동,100세이상,1,-,1
서구,비산5동,0~4세,34,19,15
서구,비산5동,5~9세,80,42,38
서구,비산5동,10~14세,93,48,45
서구,비산5동,15~19세,105,50,55
서구,비산5동,20~24세,170,96,74
서구,비산5동,25~29세,233,122,111
서구,비산5동,30~34세,229,137,92
서구,비산5동,35~39세,172,104,68
서구,비산5동,40~44세,239,138,101
서구,비산5동,45~49세,272,158,114
서구,비산5동,50~54세,409,230,179
서구,비산5동,55~59세,534,309,225
서구,비산5동,60~64세,621,348,273
서구,비산5동,65~69세,556,269,287
서구,비산5동,70~74세,514,205,309
서구,비산5동,75~79세,350,144,206
서구,비산5동,80~84세,289,110,179
서구,비산5동,85~89세,144,50,94
서구,비산5동,90~94세,51,13,38
서구,비산5동,95~99세,5,2,3
서구,비산5동,100세이상,-,-,-
서구,비산6동,0~4세,39,20,19
서구,비산6동,5~9세,76,38,38
서구,비산6동,10~14세,116,64,52
서구,비산6동,15~19세,187,96,91
서구,비산6동,20~24세,311,179,132
서구,비산6동,25~29세,347,185,162
서구,비산6동,30~34세,314,191,123
서구,비산6동,35~39세,227,121,106
서구,비산6동,40~44세,302,168,134
서구,비산6동,45~49세,365,178,187
서구,비산6동,50~54세,625,333,292
서구,비산6동,55~59세,737,367,370
서구,비산6동,60~64세,863,416,447
서구,비산6동,65~69세,754,321,433
서구,비산6동,70~74세,503,229,274
서구,비산6동,75~79세,369,155,214
서구,비산6동,80~84세,307,106,201
서구,비산6동,85~89세,151,56,95
서구,비산6동,90~94세,47,16,31
서구,비산6동,95~99세,11,1,10
서구,비산6동,100세이상,1,-,1
서구,비산7동,0~4세,105,57,48
서구,비산7동,5~9세,148,83,65
서구,비산7동,10~14세,173,75,98
서구,비산7동,15~19세,204,92,112
서구,비산7동,20~24세,305,169,136
서구,비산7동,25~29세,418,245,173
서구,비산7동,30~34세,460,277,183
서구,비산7동,35~39세,349,181,168
서구,비산7동,40~44세,424,239,185
서구,비산7동,45~49세,455,268,187
서구,비산7동,50~54세,713,426,287
서구,비산7동,55~59세,963,538,425
서구,비산7동,60~64세,"1,028",579,449
서구,비산7동,65~69세,902,455,447
서구,비산7동,70~74세,673,303,370
서구,비산7동,75~79세,509,230,279
서구,비산7동,80~84세,366,152,214
서구,비산7동,85~89세,194,66,128
서구,비산7동,90~94세,35,3,32
서구,비산7동,95~99세,12,-,12
서구,비산7동,100세이상,2,-,2
서구,평리1동,0~4세,59,35,24
서구,평리1동,5~9세,84,42,42
서구,평리1동,10~14세,167,71,96
서구,평리1동,15~19세,195,105,90
서구,평리1동,20~24세,244,135,109
서구,평리1동,25~29세,358,201,157
서구,평리1동,30~34세,344,189,155
서구,평리1동,35~39세,255,159,96
서구,평리1동,40~44세,311,169,142
서구,평리1동,45~49세,377,214,163
서구,평리1동,50~54세,575,314,261
서구,평리1동,55~59세,737,390,347
서구,평리1동,60~64세,758,389,369
서구,평리1동,65~69세,746,362,384
서구,평리1동,70~74세,506,213,293
서구,평리1동,75~79세,366,164,202
서구,평리1동,80~84세,332,104,228
서구,평리1동,85~89세,142,51,91
서구,평리1동,90~94세,53,8,45
서구,평리1동,95~99세,6,-,6
서구,평리1동,100세이상,2,-,2
서구,평리2동,0~4세,89,48,41
서구,평리2동,5~9세,239,121,118
서구,평리2동,10~14세,304,147,157
서구,평리2동,15~19세,269,132,137
서구,평리2동,20~24세,290,142,148
서구,평리2동,25~29세,360,176,184
서구,평리2동,30~34세,353,207,146
서구,평리2동,35~39세,331,164,167
서구,평리2동,40~44세,464,246,218
서구,평리2동,45~49세,510,252,258
서구,평리2동,50~54세,594,302,292
서구,평리2동,55~59세,682,320,362
서구,평리2동,60~64세,782,377,405
서구,평리2동,65~69세,696,315,381
서구,평리2동,70~74세,487,227,260
서구,평리2동,75~79세,332,145,187
서구,평리2동,80~84세,251,92,159
서구,평리2동,85~89세,99,28,71
서구,평리2동,90~94세,27,9,18
서구,평리2동,95~99세,5,1,4
서구,평리2동,100세이상,1,-,1
서구,평리3동,0~4세,347,178,169
서구,평리3동,5~9세,408,219,189
서구,평리3동,10~14세,389,189,200
서구,평리3동,15~19세,367,179,188
서구,평리3동,20~24세,470,264,206
서구,평리3동,25~29세,649,339,310
서구,평리3동,30~34세,893,500,393
서구,평리3동,35~39세,876,488,388
서구,평리3동,40~44세,877,460,417
서구,평리3동,45~49세,806,425,381
서구,평리3동,50~54세,978,530,448
서구,평리3동,55~59세,"1,132",527,605
서구,평리3동,60~64세,"1,317",648,669
서구,평리3동,65~69세,"1,077",494,583
서구,평리3동,70~74세,742,357,385
서구,평리3동,75~79세,503,203,300
서구,평리3동,80~84세,367,137,230
서구,평리3동,85~89세,209,65,144
서구,평리3동,90~94세,53,10,43
서구,평리3동,95~99세,11,-,11
서구,평리3동,100세이상,1,-,1
서구,평리4동,0~4세,233,123,110
서구,평리4동,5~9세,440,235,205
서구,평리4동,10~14세,601,296,305
서구,평리4동,15~19세,512,244,268
서구,평리4동,20~24세,660,350,310
서구,평리4동,25~29세,967,521,446
서구,평리4동,30~34세,980,557,423
서구,평리4동,35~39세,700,404,296
서구,평리4동,40~44세,"1,098",581,517
서구,평리4동,45~49세,"1,038",556,482
서구,평리4동,50~54세,"1,315",680,635
서구,평리4동,55~59세,"1,548",764,784
서구,평리4동,60~64세,"1,777",874,903
서구,평리4동,65~69세,"1,485",691,794
서구,평리4동,70~74세,"1,036",458,578
서구,평리4동,75~79세,663,304,359
서구,평리4동,80~84세,474,194,280
서구,평리4동,85~89세,233,68,165
서구,평리4동,90~94세,67,11,56
서구,평리4동,95~99세,20,3,17
서구,평리4동,100세이상,1,-,1
서구,평리5동,0~4세,784,406,378
서구,평리5동,5~9세,535,256,279
서구,평리5동,10~14세,355,187,168
서구,평리5동,15~19세,260,122,138
서구,평리5동,20~24세,323,175,148
서구,평리5동,25~29세,571,292,279
서구,평리5동,30~34세,"1,348",658,690
서구,평리5동,35~39세,"1,276",717,559
서구,평리5동,40~44세,877,476,401
서구,평리5동,45~49세,596,321,275
서구,평리5동,50~54세,607,286,321
서구,평리5동,55~59세,574,254,320
서구,평리5동,60~64세,573,271,302
서구,평리5동,65~69세,469,219,250
서구,평리5동,70~74세,323,133,190
서구,평리5동,75~79세,210,100,110
서구,평리5동,80~84세,139,61,78
서구,평리5동,85~89세,61,24,37
서구,평리5동,90~94세,10,3,7
서구,평리5동,95~99세,5,-,5
서구,평리5동,100세이상,1,-,1
서구,평리6동,0~4세,217,108,109
서구,평리6동,5~9세,113,57,56
서구,평리6동,10~14세,140,71,69
서구,평리6동,15~19세,141,76,65
서구,평리6동,20~24세,200,108,92
서구,평리6동,25~29세,352,174,178
서구,평리6동,30~34세,566,321,245
서구,평리6동,35~39세,414,259,155
서구,평리6동,40~44세,323,192,131
서구,평리6동,45~49세,306,159,147
서구,평리6동,50~54세,447,250,197
서구,평리6동,55~59세,573,298,275
서구,평리6동,60~64세,562,275,287
서구,평리6동,65~69세,473,262,211
서구,평리6동,70~74세,311,148,163
서구,평리6동,75~79세,185,88,97
서구,평리6동,80~84세,132,51,81
서구,평리6동,85~89세,64,22,42
서구,평리6동,90~94세,25,4,21
서구,평리6동,95~99세,5,1,4
서구,평리6동,100세이상,-,-,-
서구,상중이동,0~4세,187,104,83
서구,상중이동,5~9세,505,281,224
서구,상중이동,10~14세,728,366,362
서구,상중이동,15~19세,718,362,356
서구,상중이동,20~24세,815,456,359
서구,상중이동,25~29세,"1,015",546,469
서구,상중이동,30~34세,984,566,418
서구,상중이동,35~39세,782,437,345
서구,상중이동,40~44세,"1,085",557,528
서구,상중이동,45~49세,"1,244",624,620
서구,상중이동,50~54세,"1,462",739,723
서구,상중이동,55~59세,"1,800",873,927
서구,상중이동,60~64세,"1,926",945,981
서구,상중이동,65~69세,"1,748",784,964
서구,상중이동,70~74세,"1,181",553,628
서구,상중이동,75~79세,743,336,407
서구,상중이동,80~84세,489,193,296
서구,상중이동,85~89세,260,76,184
서구,상중이동,90~94세,97,18,79
서구,상중이동,95~99세,19,2,17
서구,상중이동,100세이상,4,-,4
서구,원대동,0~4세,251,127,124
서구,원대동,5~9세,251,133,118
서구,원대동,10~14세,234,105,129
서구,원대동,15~19세,266,129,137
서구,원대동,20~24세,391,196,195
서구,원대동,25~29세,626,326,300
서구,원대동,30~34세,864,493,371
서구,원대동,35~39세,635,373,262
서구,원대동,40~44세,626,355,271
서구,원대동,45~49세,650,353,297
서구,원대동,50~54세,817,425,392
서구,원대동,55~59세,970,498,472
서구,원대동,60~64세,"1,020",502,518
서구,원대동,65~69세,844,392,452
서구,원대동,70~74세,659,283,376
서구,원대동,75~79세,466,215,251
서구,원대동,80~84세,374,135,239
서구,원대동,85~89세,168,57,111
서구,원대동,90~94세,60,18,42
서구,원대동,95~99세,9,2,7
서구,원대동,100세이상,2,-,2
남구,소계,0~4세,"2,289","1,193","1,096"
남구,소계,5~9세,"2,994","1,565","1,429"
남구,소계,10~14세,"3,738","1,934","1,804"
남구,소계,15~19세,"4,315","2,231","2,084"
남구,소계,20~24세,"7,317","3,476","3,841"
남구,소계,25~29세,"9,557","4,619","4,938"
남구,소계,30~34세,"9,114","4,876","4,238"
남구,소계,35~39세,"7,064","3,914","3,150"
남구,소계,40~44세,"8,394","4,258","4,136"
남구,소계,45~49세,"8,609","4,240","4,369"
남구,소계,50~54세,"11,358","5,676","5,682"
남구,소계,55~59세,"11,629","5,716","5,913"
남구,소계,60~64세,"12,150","5,662","6,488"
남구,소계,65~69세,"11,950","5,414","6,536"
남구,소계,70~74세,"8,961","3,936","5,025"
남구,소계,75~79세,"6,892","2,811","4,081"
남구,소계,80~84세,"5,512","2,101","3,411"
남구,소계,85~89세,"3,102","1,040","2,062"
남구,소계,90~94세,"1,082",310,772
남구,소계,95~99세,211,33,178
남구,소계,100세이상,25,3,22
남구,이천동,0~4세,451,225,226
남구,이천동,5~9세,445,253,192
남구,이천동,10~14세,498,274,224
남구,이천동,15~19세,502,250,252
남구,이천동,20~24세,593,335,258
남구,이천동,25~29세,678,332,346
남구,이천동,30~34세,930,455,475
남구,이천동,35~39세,908,503,405
남구,이천동,40~44세,953,476,477
남구,이천동,45~49세,"1,011",462,549
남구,이천동,50~54세,"1,254",621,633
남구,이천동,55~59세,"1,040",500,540
남구,이천동,60~64세,"1,018",470,548
남구,이천동,65~69세,960,408,552
남구,이천동,70~74세,780,331,449
남구,이천동,75~79세,639,231,408
남구,이천동,80~84세,603,211,392
남구,이천동,85~89세,335,119,216
남구,이천동,90~94세,128,36,92
남구,이천동,95~99세,33,4,29
남구,이천동,100세이상,4,1,3
남구,봉덕1동,0~4세,77,33,44
남구,봉덕1동,5~9세,117,64,53
남구,봉덕1동,10~14세,168,84,84
남구,봉덕1동,15~19세,220,118,102
남구,봉덕1동,20~24세,350,175,175
남구,봉덕1동,25~29세,505,249,256
남구,봉덕1동,30~34세,486,272,214
남구,봉덕1동,35~39세,404,232,172
남구,봉덕1동,40~44세,488,257,231
남구,봉덕1동,45~49세,535,273,262
남구,봉덕1동,50~54세,680,362,318
남구,봉덕1동,55~59세,781,402,379
남구,봉덕1동,60~64세,744,366,378
남구,봉덕1동,65~69세,769,361,408
남구,봉덕1동,70~74세,554,254,300
남구,봉덕1동,75~79세,432,165,267
남구,봉덕1동,80~84세,360,131,229
남구,봉덕1동,85~89세,247,86,161
남구,봉덕1동,90~94세,92,26,66
남구,봉덕1동,95~99세,10,1,9
남구,봉덕1동,100세이상,3,-,3
남구,봉덕2동,0~4세,463,255,208
남구,봉덕2동,5~9세,554,279,275
남구,봉덕2동,10~14세,543,243,300
남구,봉덕2동,15~19세,533,263,270
남구,봉덕2동,20~24세,481,251,230
남구,봉덕2동,25~29세,596,292,304
남구,봉덕2동,30~34세,815,404,411
남구,봉덕2동,35~39세,863,430,433
남구,봉덕2동,40~44세,"1,017",499,518
남구,봉덕2동,45~49세,900,419,481
남구,봉덕2동,50~54세,"1,054",501,553
남구,봉덕2동,55~59세,"1,015",464,551
남구,봉덕2동,60~64세,"1,022",462,560
남구,봉덕2동,65~69세,"1,061",492,569
남구,봉덕2동,70~74세,761,342,419
남구,봉덕2동,75~79세,586,260,326
남구,봉덕2동,80~84세,450,183,267
남구,봉덕2동,85~89세,280,103,177
남구,봉덕2동,90~94세,108,43,65
남구,봉덕2동,95~99세,20,5,15
남구,봉덕2동,100세이상,4,1,3
남구,봉덕3동,0~4세,171,88,83
남구,봉덕3동,5~9세,340,174,166
남구,봉덕3동,10~14세,491,262,229
남구,봉덕3동,15~19세,587,289,298
남구,봉덕3동,20~24세,704,359,345
남구,봉덕3동,25~29세,866,418,448
남구,봉덕3동,30~34세,793,436,357
남구,봉덕3동,35~39세,614,330,284
남구,봉덕3동,40~44세,899,433,466
남구,봉덕3동,45~49세,"1,012",448,564
남구,봉덕3동,50~54세,"1,304",633,671
남구,봉덕3동,55~59세,"1,245",640,605
남구,봉덕3동,60~64세,"1,354",623,731
남구,봉덕3동,65~69세,"1,330",572,758
남구,봉덕3동,70~74세,991,425,566
남구,봉덕3동,75~79세,771,331,440
남구,봉덕3동,80~84세,631,243,388
남구,봉덕3동,85~89세,365,134,231
남구,봉덕3동,90~94세,143,47,96
남구,봉덕3동,95~99세,28,5,23
남구,봉덕3동,100세이상,-,-,-
남구,대명1동,0~4세,92,59,33
남구,대명1동,5~9세,174,94,80
남구,대명1동,10~14세,289,149,140
남구,대명1동,15~19세,338,188,150
남구,대명1동,20~24세,506,239,267
남구,대명1동,25~29세,730,375,355
남구,대명1동,30~34세,652,371,281
남구,대명1동,35~39세,454,253,201
남구,대명1동,40~44세,590,289,301
남구,대명1동,45~49세,574,313,261
남구,대명1동,50~54세,833,428,405
남구,대명1동,55~59세,892,412,480
남구,대명1동,60~64세,897,416,481
남구,대명1동,65~69세,885,394,491
남구,대명1동,70~74세,646,292,354
남구,대명1동,75~79세,495,210,285
남구,대명1동,80~84세,381,156,225
남구,대명1동,85~89세,197,63,134
남구,대명1동,90~94세,51,13,38
남구,대명1동,95~99세,13,3,10
남구,대명1동,100세이상,1,-,1
남구,대명2동,0~4세,196,105,91
남구,대명2동,5~9세,263,140,123
남구,대명2동,10~14세,247,133,114
남구,대명2동,15~19세,372,176,196
남구,대명2동,20~24세,"1,078",435,643
남구,대명2동,25~29세,"1,239",574,665
남구,대명2동,30~34세,"1,049",572,477
남구,대명2동,35~39세,698,408,290
남구,대명2동,40~44세,658,329,329
남구,대명2동,45~49세,691,352,339
남구,대명2동,50~54세,920,453,467
남구,대명2동,55~59세,824,398,426
남구,대명2동,60~64세,877,417,460
남구,대명2동,65~69세,802,368,434
남구,대명2동,70~74세,629,272,357
남구,대명2동,75~79세,505,180,325
남구,대명2동,80~84세,417,170,247
남구,대명2동,85~89세,211,62,149
남구,대명2동,90~94세,85,15,70
남구,대명2동,95~99세,8,1,7
남구,대명2동,100세이상,1,-,1
남구,대명3동,0~4세,67,38,29
남구,대명3동,5~9세,116,55,61
남구,대명3동,10~14세,187,105,82
남구,대명3동,15~19세,252,133,119
남구,대명3동,20~24세,640,274,366
남구,대명3동,25~29세,684,349,335
남구,대명3동,30~34세,557,324,233
남구,대명3동,35~39세,395,233,162
남구,대명3동,40~44세,491,270,221
남구,대명3동,45~49세,547,296,251
남구,대명3동,50~54세,775,437,338
남구,대명3동,55~59세,828,436,392
남구,대명3동,60~64세,977,475,502
남구,대명3동,65~69세,928,441,487
남구,대명3동,70~74세,733,310,423
남구,대명3동,75~79세,587,229,358
남구,대명3동,80~84세,428,152,276
남구,대명3동,85~89세,230,69,161
남구,대명3동,90~94세,76,18,58
남구,대명3동,95~99세,15,2,13
남구,대명3동,100세이상,1,-,1
남구,대명4동,0~4세,94,46,48
남구,대명4동,5~9세,174,91,83
남구,대명4동,10~14세,217,100,117
남구,대명4동,15~19세,251,135,116
남구,대명4동,20~24세,525,233,292
남구,대명4동,25~29세,681,347,334
남구,대명4동,30~34세,535,302,233
남구,대명4동,35~39세,401,236,165
남구,대명4동,40~44세,492,259,233
남구,대명4동,45~49세,502,281,221
남구,대명4동,50~54세,789,380,409
남구,대명4동,55~59세,882,441,441
남구,대명4동,60~64세,"1,036",500,536
남구,대명4동,65~69세,"1,055",484,571
남구,대명4동,70~74세,757,328,429
남구,대명4동,75~79세,540,231,309
남구,대명4동,80~84세,405,146,259
남구,대명4동,85~89세,226,61,165
남구,대명4동,90~94세,65,19,46
남구,대명4동,95~99세,19,1,18
남구,대명4동,100세이상,2,-,2
남구,대명5동,0~4세,115,57,58
남구,대명5동,5~9세,102,59,43
남구,대명5동,10~14세,125,75,50
남구,대명5동,15~19세,175,83,92
남구,대명5동,20~24세,536,241,295
남구,대명5동,25~29세,590,246,344
남구,대명5동,30~34세,477,228,249
남구,대명5동,35~39세,302,175,127
남구,대명5동,40~44세,331,173,158
남구,대명5동,45~49세,329,168,161
남구,대명5동,50~54세,435,228,207
남구,대명5동,55~59세,447,215,232
남구,대명5동,60~64세,469,223,246
남구,대명5동,65~69세,450,198,252
남구,대명5동,70~74세,342,150,192
남구,대명5동,75~79세,266,113,153
남구,대명5동,80~84세,215,84,131
남구,대명5동,85~89세,123,39,84
남구,대명5동,90~94세,43,15,28
남구,대명5동,95~99세,13,4,9
남구,대명5동,100세이상,-,-,-
남구,대명6동,0~4세,235,117,118
남구,대명6동,5~9세,275,143,132
남구,대명6동,10~14세,314,151,163
남구,대명6동,15~19세,351,179,172
남구,대명6동,20~24세,560,278,282
남구,대명6동,25~29세,814,377,437
남구,대명6동,30~34세,789,408,381
남구,대명6동,35~39세,635,343,292
남구,대명6동,40~44세,738,379,359
남구,대명6동,45~49세,767,357,410
남구,대명6동,50~54세,913,455,458
남구,대명6동,55~59세,956,471,485
남구,대명6동,60~64세,908,420,488
남구,대명6동,65~69세,887,407,480
남구,대명6동,70~74세,652,306,346
남구,대명6동,75~79세,448,186,262
남구,대명6동,80~84세,327,131,196
남구,대명6동,85~89세,194,62,132
남구,대명6동,90~94세,73,18,55
남구,대명6동,95~99세,14,-,14
남구,대명6동,100세이상,3,1,2
남구,대명9동,0~4세,166,91,75
남구,대명9동,5~9세,231,123,108
남구,대명9동,10~14세,363,200,163
남구,대명9동,15~19세,380,216,164
남구,대명9동,20~24세,646,314,332
남구,대명9동,25~29세,"1,115",545,570
남구,대명9동,30~34세,982,524,458
남구,대명9동,35~39세,723,395,328
남구,대명9동,40~44세,854,440,414
남구,대명9동,45~49세,882,446,436
남구,대명9동,50~54세,"1,175",590,585
남구,대명9동,55~59세,"1,270",619,651
남구,대명9동,60~64세,"1,232",582,650
남구,대명9동,65~69세,"1,192",564,628
남구,대명9동,70~74세,845,382,463
남구,대명9동,75~79세,691,296,395
남구,대명9동,80~84세,524,206,318
남구,대명9동,85~89세,270,97,173
남구,대명9동,90~94세,95,30,65
남구,대명9동,95~99세,15,4,11
남구,대명9동,100세이상,2,-,2
남구,대명10동,0~4세,81,40,41
남구,대명10동,5~9세,103,46,57
남구,대명10동,10~14세,155,88,67
남구,대명10동,15~19세,196,109,87
남구,대명10동,20~24세,412,192,220
남구,대명10동,25~29세,612,287,325
남구,대명10동,30~34세,585,318,267
남구,대명10동,35~39세,357,201,156
남구,대명10동,40~44세,457,226,231
남구,대명10동,45~49세,467,235,232
남구,대명10동,50~54세,629,304,325
남구,대명10동,55~59세,766,371,395
남구,대명10동,60~64세,775,348,427
남구,대명10동,65~69세,808,367,441
남구,대명10동,70~74세,641,273,368
남구,대명10동,75~79세,478,202,276
남구,대명10동,80~84세,388,146,242
남구,대명10동,85~89세,231,72,159
남구,대명10동,90~94세,65,18,47
남구,대명10동,95~99세,9,2,7
남구,대명10동,100세이상,3,-,3
남구,대명11동,0~4세,81,39,42
남구,대명11동,5~9세,100,44,56
남구,대명11동,10~14세,141,70,71
남구,대명11동,15~19세,158,92,66
남구,대명11동,20~24세,286,150,136
남구,대명11동,25~29세,447,228,219
남구,대명11동,30~34세,464,262,202
남구,대명11동,35~39세,310,175,135
남구,대명11동,40~44세,426,228,198
남구,대명11동,45~49세,392,190,202
남구,대명11동,50~54세,597,284,313
남구,대명11동,55~59세,683,347,336
남구,대명11동,60~64세,841,360,481
남구,대명11동,65~69세,823,358,465
남구,대명11동,70~74세,630,271,359
남구,대명11동,75~79세,454,177,277
남구,대명11동,80~84세,383,142,241
남구,대명11동,85~89세,193,73,120
남구,대명11동,90~94세,58,12,46
남구,대명11동,95~99세,14,1,13
남구,대명11동,100세이상,1,-,1
북구,소계,0~4세,"9,020","4,619","4,401"
북구,소계,5~9세,"14,637","7,502","7,135"
북구,소계,10~14세,"18,494","9,504","8,990"
북구,소계,15~19세,"19,492","9,979","9,513"
북구,소계,20~24세,"26,294","13,831","12,463"
북구,소계,25~29세,"27,148","14,770","12,378"
북구,소계,30~34세,"25,326","13,824","11,502"
북구,소계,35~39세,"22,510","12,138","10,372"
북구,소계,40~44세,"28,443","14,234","14,209"
북구,소계,45~49세,"31,107","15,275","15,832"
북구,소계,50~54세,"39,571","19,311","20,260"
북구,소계,55~59세,"37,883","18,721","19,162"
북구,소계,60~64세,"34,923","17,036","17,887"
북구,소계,65~69세,"28,132","13,561","14,571"
북구,소계,70~74세,"18,629","8,512","10,117"
북구,소계,75~79세,"13,443","5,668","7,775"
북구,소계,80~84세,"10,468","3,903","6,565"
북구,소계,85~89세,"5,350","1,761","3,589"
북구,소계,90~94세,"1,756",423,"1,333"
북구,소계,95~99세,344,52,292
북구,소계,100세이상,40,6,34
북구,고성동,0~4세,"1,001",499,502
북구,고성동,5~9세,720,357,363
북구,고성동,10~14세,548,293,255
북구,고성동,15~19세,434,206,228
북구,고성동,20~24세,448,230,218
북구,고성동,25~29세,651,294,357
북구,고성동,30~34세,"1,621",746,875
북구,고성동,35~39세,"1,639",908,731
북구,고성동,40~44세,"1,375",732,643
북구,고성동,45~49세,910,470,440
북구,고성동,50~54세,771,395,376
북구,고성동,55~59세,622,320,302
북구,고성동,60~64세,566,265,301
북구,고성동,65~69세,480,203,277
북구,고성동,70~74세,367,157,210
북구,고성동,75~79세,243,102,141
북구,고성동,80~84세,184,64,120
북구,고성동,85~89세,80,23,57
북구,고성동,90~94세,39,12,27
북구,고성동,95~99세,7,1,6
북구,고성동,100세이상,1,-,1
북구,칠성동,0~4세,564,280,284
북구,칠성동,5~9세,917,459,458
북구,칠성동,10~14세,"1,154",556,598
북구,칠성동,15~19세,920,448,472
북구,칠성동,20~24세,"1,018",517,501
북구,칠성동,25~29세,"1,420",651,769
북구,칠성동,30~34세,"1,680",809,871
북구,칠성동,35~39세,"1,448",760,688
북구,칠성동,40~44세,"1,742",833,909
북구,칠성동,45~49세,"1,796",898,898
북구,칠성동,50~54세,"1,792",871,921
북구,칠성동,55~59세,"1,545",726,819
북구,칠성동,60~64세,"1,464",690,774
북구,칠성동,65~69세,"1,320",628,692
북구,칠성동,70~74세,968,435,533
북구,칠성동,75~79세,722,304,418
북구,칠성동,80~84세,603,219,384
북구,칠성동,85~89세,355,136,219
북구,칠성동,90~94세,120,28,92
북구,칠성동,95~99세,24,3,21
북구,칠성동,100세이상,4,-,4
북구,침산1동,0~4세,37,20,17
북구,침산1동,5~9세,62,34,28
북구,침산1동,10~14세,82,46,36
북구,침산1동,15~19세,80,47,33
북구,침산1동,20~24세,124,78,46
북구,침산1동,25~29세,175,100,75
북구,침산1동,30~34세,172,107,65
북구,침산1동,35~39세,160,86,74
북구,침산1동,40~44세,171,105,66
북구,침산1동,45~49세,186,110,76
북구,침산1동,50~54세,284,170,114
북구,침산1동,55~59세,383,201,182
북구,침산1동,60~64세,480,248,232
북구,침산1동,65~69세,434,227,207
북구,침산1동,70~74세,310,155,155
북구,침산1동,75~79세,198,96,102
북구,침산1동,80~84세,138,52,86
북구,침산1동,85~89세,72,20,52
북구,침산1동,90~94세,23,5,18
북구,침산1동,95~99세,8,2,6
북구,침산1동,100세이상,2,-,2
북구,침산2동,0~4세,448,228,220
북구,침산2동,5~9세,927,448,479
북구,침산2동,10~14세,"1,186",601,585
북구,침산2동,15~19세,"1,019",504,515
북구,침산2동,20~24세,890,462,428
북구,침산2동,25~29세,882,414,468
북구,침산2동,30~34세,"1,012",549,463
북구,침산2동,35~39세,"1,029",494,535
북구,침산2동,40~44세,"1,531",712,819
북구,침산2동,45~49세,"1,550",742,808
북구,침산2동,50~54세,"1,615",770,845
북구,침산2동,55~59세,"1,344",664,680
북구,침산2동,60~64세,"1,119",532,587
북구,침산2동,65~69세,911,415,496
북구,침산2동,70~74세,667,288,379
북구,침산2동,75~79세,458,183,275
북구,침산2동,80~84세,392,164,228
북구,침산2동,85~89세,193,69,124
북구,침산2동,90~94세,62,14,48
북구,침산2동,95~99세,14,5,9
북구,침산2동,100세이상,4,1,3
북구,침산3동,0~4세,370,186,184
북구,침산3동,5~9세,804,431,373
북구,침산3동,10~14세,961,473,488
북구,침산3동,15~19세,996,516,480
북구,침산3동,20~24세,977,501,476
북구,침산3동,25~29세,928,505,423
북구,침산3동,30~34세,854,425,429
북구,침산3동,35~39세,924,440,484
북구,침산3동,40~44세,"1,278",602,676
북구,침산3동,45~49세,"1,508",694,814
북구,침산3동,50~54세,"1,748",820,928
북구,침산3동,55~59세,"1,658",795,863
북구,침산3동,60~64세,"1,516",736,780
북구,침산3동,65~69세,"1,219",572,647
북구,침산3동,70~74세,876,376,500
북구,침산3동,75~79세,692,282,410
북구,침산3동,80~84세,541,203,338
북구,침산3동,85~89세,295,111,184
북구,침산3동,90~94세,86,21,65
북구,침산3동,95~99세,13,3,10
북구,침산3동,100세이상,2,1,1
북구,노원동,0~4세,231,133,98
북구,노원동,5~9세,249,130,119
북구,노원동,10~14세,282,148,134
북구,노원동,15~19세,295,150,145
북구,노원동,20~24세,413,217,196
북구,노원동,25~29세,600,299,301
북구,노원동,30~34세,812,449,363
북구,노원동,35~39세,643,404,239
북구,노원동,40~44세,662,376,286
북구,노원동,45~49세,682,386,296
북구,노원동,50~54세,942,504,438
북구,노원동,55~59세,"1,033",541,492
북구,노원동,60~64세,"1,322",701,621
북구,노원동,65~69세,"1,088",521,567
북구,노원동,70~74세,800,373,427
북구,노원동,75~79세,578,270,308
북구,노원동,80~84세,368,149,219
북구,노원동,85~89세,140,51,89
북구,노원동,90~94세,50,10,40
북구,노원동,95~99세,8,2,6
북구,노원동,100세이상,1,1,-
북구,산격1동,0~4세,34,16,18
북구,산격1동,5~9세,79,48,31
북구,산격1동,10~14세,152,70,82
북구,산격1동,15~19세,180,99,81
북구,산격1동,20~24세,226,128,98
북구,산격1동,25~29세,335,201,134
북구,산격1동,30~34세,347,206,141
북구,산격1동,35~39세,246,152,94
북구,산격1동,40~44세,300,161,139
북구,산격1동,45~49세,436,260,176
북구,산격1동,50~54세,609,325,284
북구,산격1동,55~59세,836,424,412
북구,산격1동,60~64세,957,493,464
북구,산격1동,65~69세,968,476,492
북구,산격1동,70~74세,787,306,481
북구,산격1동,75~79세,570,226,344
북구,산격1동,80~84세,466,159,307
북구,산격1동,85~89세,255,85,170
북구,산격1동,90~94세,78,21,57
북구,산격1동,95~99세,8,1,7
북구,산격1동,100세이상,-,-,-
북구,산격2동,0~4세,111,58,53
북구,산격2동,5~9세,248,114,134
북구,산격2동,10~14세,347,186,161
북구,산격2동,15~19세,363,174,189
북구,산격2동,20~24세,491,269,222
북구,산격2동,25~29세,671,381,290
북구,산격2동,30~34세,585,336,249
북구,산격2동,35~39세,436,241,195
북구,산격2동,40~44세,550,279,271
북구,산격2동,45~49세,579,282,297
북구,산격2동,50~54세,871,411,460
북구,산격2동,55~59세,"1,003",478,525
북구,산격2동,60~64세,"1,090",511,579
북구,산격2동,65~69세,868,415,453
북구,산격2동,70~74세,592,264,328
북구,산격2동,75~79세,407,180,227
북구,산격2동,80~84세,348,134,214
북구,산격2동,85~89세,153,48,105
북구,산격2동,90~94세,47,10,37
북구,산격2동,95~99세,12,3,9
북구,산격2동,100세이상,2,-,2
북구,산격3동,0~4세,53,28,25
북구,산격3동,5~9세,97,52,45
북구,산격3동,10~14세,131,69,62
북구,산격3동,15~19세,230,91,139
북구,산격3동,20~24세,"1,348",600,748
북구,산격3동,25~29세,"1,146",738,408
북구,산격3동,30~34세,644,443,201
북구,산격3동,35~39세,339,213,126
북구,산격3동,40~44세,361,209,152
북구,산격3동,45~49세,411,267,144
북구,산격3동,50~54세,496,279,217
북구,산격3동,55~59세,539,290,249
북구,산격3동,60~64세,636,299,337
북구,산격3동,65~69세,591,265,326
북구,산격3동,70~74세,463,207,256
북구,산격3동,75~79세,356,143,213
북구,산격3동,80~84세,260,89,171
북구,산격3동,85~89세,143,54,89
북구,산격3동,90~94세,43,10,33
북구,산격3동,95~99세,12,3,9
북구,산격3동,100세이상,-,-,-
북구,산격4동,0~4세,75,44,31
북구,산격4동,5~9세,104,49,55
북구,산격4동,10~14세,187,102,85
북구,산격4동,15~19세,194,116,78
북구,산격4동,20~24세,363,196,167
북구,산격4동,25~29세,501,306,195
북구,산격4동,30~34세,526,337,189
북구,산격4동,35~39세,339,225,114
북구,산격4동,40~44세,423,241,182
북구,산격4동,45~49세,401,252,149
북구,산격4동,50~54세,568,292,276
북구,산격4동,55~59세,677,344,333
북구,산격4동,60~64세,769,365,404
북구,산격4동,65~69세,758,347,411
북구,산격4동,70~74세,542,247,295
북구,산격4동,75~79세,427,191,236
북구,산격4동,80~84세,304,130,174
북구,산격4동,85~89세,158,64,94
북구,산격4동,90~94세,48,13,35
북구,산격4동,95~99세,11,1,10
북구,산격4동,100세이상,-,-,-
북구,복현1동,0~4세,45,30,15
북구,복현1동,5~9세,54,29,25
북구,복현1동,10~14세,80,35,45
북구,복현1동,15~19세,156,76,80
북구,복현1동,20~24세,"1,267",625,642
북구,복현1동,25~29세,"1,170",792,378
북구,복현1동,30~34세,606,415,191
북구,복현1동,35~39세,322,213,109
북구,복현1동,40~44세,309,192,117
북구,복현1동,45~49세,311,185,126
북구,복현1동,50~54세,472,278,194
북구,복현1동,55~59세,480,251,229
북구,복현1동,60~64세,505,237,268
북구,복현1동,65~69세,432,211,221
북구,복현1동,70~74세,278,138,140
북구,복현1동,75~79세,196,83,113
북구,복현1동,80~84세,133,51,82
북구,복현1동,85~89세,52,21,31
북구,복현1동,90~94세,30,9,21
북구,복현1동,95~99세,2,2,-
북구,복현1동,100세이상,-,-,-
북구,복현2동,0~4세,744,381,363
북구,복현2동,5~9세,"1,079",563,516
북구,복현2동,10~14세,"1,382",709,673
북구,복현2동,15~19세,"1,504",782,722
북구,복현2동,20~24세,"1,971","1,106",865
북구,복현2동,25~29세,"1,934","1,049",885
북구,복현2동,30~34세,"2,014","1,085",929
북구,복현2동,35~39세,"1,756",973,783
북구,복현2동,40~44세,"2,113","1,053","1,060"
북구,복현2동,45~49세,"2,208","1,031","1,177"
북구,복현2동,50~54세,"2,550","1,185","1,365"
북구,복현2동,55~59세,"2,510","1,155","1,355"
북구,복현2동,60~64세,"2,426","1,109","1,317"
북구,복현2동,65~69세,"2,005",994,"1,011"
북구,복현2동,70~74세,"1,205",580,625
북구,복현2동,75~79세,790,348,442
북구,복현2동,80~84세,550,196,354
북구,복현2동,85~89세,292,105,187
북구,복현2동,90~94세,103,23,80
북구,복현2동,95~99세,24,-,24
북구,복현2동,100세이상,2,-,2
북구,대현동,0~4세,206,112,94
북구,대현동,5~9세,379,187,192
북구,대현동,10~14세,541,265,276
북구,대현동,15~19세,508,249,259
북구,대현동,20~24세,"1,425",821,604
북구,대현동,25~29세,"1,320",872,448
북구,대현동,30~34세,820,484,336
북구,대현동,35~39세,706,398,308
북구,대현동,40~44세,942,501,441
북구,대현동,45~49세,"1,065",531,534
북구,대현동,50~54세,"1,274",674,600
북구,대현동,55~59세,"1,285",639,646
북구,대현동,60~64세,"1,332",618,714
북구,대현동,65~69세,"1,271",582,689
북구,대현동,70~74세,972,429,543
북구,대현동,75~79세,787,305,482
북구,대현동,80~84세,649,251,398
북구,대현동,85~89세,327,101,226
북구,대현동,90~94세,105,27,78
북구,대현동,95~99세,22,4,18
북구,대현동,100세이상,-,-,-
북구,검단동,0~4세,57,29,28
북구,검단동,5~9세,99,47,52
북구,검단동,10~14세,138,75,63
북구,검단동,15~19세,155,84,71
북구,검단동,20~24세,204,96,108
북구,검단동,25~29세,283,144,139
북구,검단동,30~34세,311,207,104
북구,검단동,35~39세,283,150,133
북구,검단동,40~44세,328,182,146
북구,검단동,45~49세,367,206,161
북구,검단동,50~54세,442,233,209
북구,검단동,55~59세,508,265,243
북구,검단동,60~64세,659,288,371
북구,검단동,65~69세,639,286,353
북구,검단동,70~74세,473,219,254
북구,검단동,75~79세,335,136,199
북구,검단동,80~84세,262,93,169
북구,검단동,85~89세,137,48,89
북구,검단동,90~94세,46,12,34
북구,검단동,95~99세,6,2,4
북구,검단동,100세이상,-,-,-
북구,무태조야동,0~4세,827,425,402
북구,무태조야동,5~9세,"1,540",813,727
북구,무태조야동,10~14세,"1,688",877,811
북구,무태조야동,15~19세,"1,698",839,859
북구,무태조야동,20~24세,"1,879","1,060",819
북구,무태조야동,25~29세,"1,720",914,806
북구,무태조야동,30~34세,"1,628",867,761
북구,무태조야동,35~39세,"1,768",934,834
북구,무태조야동,40~44세,"2,669","1,350","1,319"
북구,무태조야동,45~49세,"2,938","1,485","1,453"
북구,무태조야동,50~54세,"3,805","1,947","1,858"
북구,무태조야동,55~59세,"3,214","1,746","1,468"
북구,무태조야동,60~64세,"2,464","1,247","1,217"
북구,무태조야동,65~69세,"2,128","1,042","1,086"
북구,무태조야동,70~74세,"1,492",702,790
북구,무태조야동,75~79세,"1,041",479,562
북구,무태조야동,80~84세,688,275,413
북구,무태조야동,85~89세,315,105,210
북구,무태조야동,90~94세,99,27,72
북구,무태조야동,95~99세,17,3,14
북구,무태조야동,100세이상,-,-,-
북구,관문동,0~4세,"1,120",531,589
북구,관문동,5~9세,"1,834",950,884
북구,관문동,10~14세,"1,891","1,000",891
북구,관문동,15~19세,"1,433",722,711
북구,관문동,20~24세,"1,344",744,600
북구,관문동,25~29세,"1,550",830,720
북구,관문동,30~34세,"1,855",921,934
북구,관문동,35~39세,"2,296","1,162","1,134"
북구,관문동,40~44세,"3,190","1,649","1,541"
북구,관문동,45~49세,"2,731","1,396","1,335"
북구,관문동,50~54세,"2,918","1,453","1,465"
북구,관문동,55~59세,"2,790","1,357","1,433"
북구,관문동,60~64세,"2,627","1,225","1,402"
북구,관문동,65~69세,"2,229","1,102","1,127"
북구,관문동,70~74세,"1,352",663,689
북구,관문동,75~79세,908,374,534
북구,관문동,80~84세,624,241,383
북구,관문동,85~89세,280,79,201
북구,관문동,90~94세,100,18,82
북구,관문동,95~99세,22,2,20
북구,관문동,100세이상,3,-,3
북구,태전1동,0~4세,322,192,130
북구,태전1동,5~9세,526,293,233
북구,태전1동,10~14세,669,343,326
북구,태전1동,15~19세,860,458,402
북구,태전1동,20~24세,"2,013",914,"1,099"
북구,태전1동,25~29세,"1,678",928,750
북구,태전1동,30~34세,"1,332",742,590
북구,태전1동,35~39세,"1,046",600,446
북구,태전1동,40~44세,"1,208",635,573
북구,태전1동,45~49세,"1,368",674,694
북구,태전1동,50~54세,"1,940",979,961
북구,태전1동,55~59세,"2,131","1,019","1,112"
북구,태전1동,60~64세,"2,075",999,"1,076"
북구,태전1동,65~69세,"1,633",794,839
북구,태전1동,70~74세,"1,025",509,516
북구,태전1동,75~79세,727,316,411
북구,태전1동,80~84세,575,216,359
북구,태전1동,85~89세,308,94,214
북구,태전1동,90~94세,121,31,90
북구,태전1동,95~99세,27,2,25
북구,태전1동,100세이상,5,1,4
북구,태전2동,0~4세,428,203,225
북구,태전2동,5~9세,620,316,304
북구,태전2동,10~14세,896,475,421
북구,태전2동,15~19세,"1,103",595,508
북구,태전2동,20~24세,"1,486",749,737
북구,태전2동,25~29세,"1,517",812,705
북구,태전2동,30~34세,"1,281",704,577
북구,태전2동,35~39세,"1,059",574,485
북구,태전2동,40~44세,"1,341",659,682
북구,태전2동,45~49세,"1,582",769,813
북구,태전2동,50~54세,"2,282","1,056","1,226"
북구,태전2동,55~59세,"2,160","1,018","1,142"
북구,태전2동,60~64세,"2,137","1,021","1,116"
북구,태전2동,65~69세,"1,724",803,921
북구,태전2동,70~74세,"1,148",483,665
북구,태전2동,75~79세,801,346,455
북구,태전2동,80~84세,604,233,371
북구,태전2동,85~89세,274,95,179
북구,태전2동,90~94세,88,21,67
북구,태전2동,95~99세,23,3,20
북구,태전2동,100세이상,3,-,3
북구,구암동,0~4세,447,217,230
북구,구암동,5~9세,"1,067",532,535
북구,구암동,10~14세,"1,688",847,841
북구,구암동,15~19세,"2,146","1,108","1,038"
북구,구암동,20~24세,"2,266","1,215","1,051"
북구,구암동,25~29세,"2,023","1,044",979
북구,구암동,30~34세,"1,576",905,671
북구,구암동,35~39세,"1,269",660,609
북구,구암동,40~44세,"1,991",893,"1,098"
북구,구암동,45~49세,"2,720","1,215","1,505"
북구,구암동,50~54세,"3,766","1,787","1,979"
북구,구암동,55~59세,"3,482","1,689","1,793"
북구,구암동,60~64세,"2,707","1,372","1,335"
북구,구암동,65~69세,"1,775",879,896
북구,구암동,70~74세,954,435,519
북구,구암동,75~79세,764,291,473
북구,구암동,80~84세,669,238,431
북구,구암동,85~89세,344,99,245
북구,구암동,90~94세,104,25,79
북구,구암동,95~99세,22,3,19
북구,구암동,100세이상,3,-,3
북구,관음동,0~4세,162,87,75
북구,관음동,5~9세,309,168,141
북구,관음동,10~14세,511,249,262
북구,관음동,15~19세,581,303,278
북구,관음동,20~24세,804,445,359
북구,관음동,25~29세,944,547,397
북구,관음동,30~34세,766,452,314
북구,관음동,35~39세,596,345,251
북구,관음동,40~44세,711,365,346
북구,관음동,45~49세,923,469,454
북구,관음동,50~54세,"1,466",718,748
북구,관음동,55~59세,"1,643",832,811
북구,관음동,60~64세,"1,642",803,839
북구,관음동,65~69세,"1,357",673,684
북구,관음동,70~74세,844,405,439
북구,관음동,75~79세,510,244,266
북구,관음동,80~84세,440,156,284
북구,관음동,85~89세,273,77,196
북구,관음동,90~94세,70,16,54
북구,관음동,95~99세,10,1,9
북구,관음동,100세이상,3,-,3
북구,읍내동,0~4세,461,247,214
북구,읍내동,5~9세,649,334,315
북구,읍내동,10~14세,890,470,420
북구,읍내동,15~19세,"1,013",535,478
북구,읍내동,20~24세,"1,443",819,624
북구,읍내동,25~29세,"1,816",967,849
북구,읍내동,30~34세,"1,551",864,687
북구,읍내동,35~39세,"1,215",676,539
북구,읍내동,40~44세,"1,376",686,690
북구,읍내동,45~49세,"1,439",688,751
북구,읍내동,50~54세,"2,381","1,113","1,268"
북구,읍내동,55~59세,"2,566","1,183","1,383"
북구,읍내동,60~64세,"2,541","1,265","1,276"
북구,읍내동,65~69세,"1,892",933,959
북구,읍내동,70~74세,"1,068",514,554
북구,읍내동,75~79세,798,330,468
북구,읍내동,80~84세,654,252,402
북구,읍내동,85~89세,367,130,237
북구,읍내동,90~94세,125,22,103
북구,읍내동,95~99세,18,4,14
북구,읍내동,100세이상,2,-,2
북구,동천동,0~4세,460,257,203
북구,동천동,5~9세,910,469,441
북구,동천동,10~14세,"1,467",756,711
북구,동천동,15~19세,"1,855",973,882
북구,동천동,20~24세,"1,936","1,028",908
북구,동천동,25~29세,"1,647",867,780
북구,동천동,30~34세,"1,269",682,587
북구,동천동,35~39세,"1,134",555,579
북구,동천동,40~44세,"1,584",698,886
북구,동천동,45~49세,"2,390","1,034","1,356"
북구,동천동,50~54세,"3,306","1,491","1,815"
북구,동천동,55~59세,"2,713","1,363","1,350"
북구,동천동,60~64세,"1,857",956,901
북구,동천동,65~69세,"1,091",547,544
북구,동천동,70~74세,632,252,380
북구,동천동,75~79세,552,203,349
북구,동천동,80~84세,512,170,342
북구,동천동,85~89세,262,77,185
북구,동천동,90~94세,78,23,55
북구,동천동,95~99세,13,1,12
북구,동천동,100세이상,2,2,-
북구,국우동,0~4세,817,416,401
북구,국우동,5~9세,"1,364",679,685
북구,국우동,10~14세,"1,623",859,764
북구,국우동,15~19세,"1,769",904,865
북구,국우동,20~24세,"1,958","1,011",947
북구,국우동,25~29세,"2,237","1,115","1,122"
북구,국우동,30~34세,"2,064","1,089",975
북구,국우동,35~39세,"1,857",975,882
북구,국우동,40~44세,"2,288","1,121","1,167"
북구,국우동,45~49세,"2,606","1,231","1,375"
북구,국우동,50~54세,"3,273","1,560","1,713"
북구,국우동,55~59세,"2,761","1,421","1,340"
북구,국우동,60~64세,"2,032","1,056",976
북구,국우동,65~69세,"1,319",646,673
북구,국우동,70~74세,814,375,439
북구,국우동,75~79세,583,236,347
북구,국우동,80~84세,504,168,336
북구,국우동,85~89세,275,69,206
북구,국우동,90~94세,91,25,66
북구,국우동,95~99세,21,1,20
북구,국우동,100세이상,1,-,1
수성구,소계,0~4세,"8,193","4,187","4,006"
수성구,소계,5~9세,"17,064","8,873","8,191"
수성구,소계,10~14세,"23,791","12,242","11,549"
수성구,소계,15~19세,"23,365","12,304","11,061"
수성구,소계,20~24세,"22,906","12,434","10,472"
수성구,소계,25~29세,"22,224","11,601","10,623"
수성구,소계,30~34세,"21,098","10,906","10,192"
수성구,소계,35~39세,"20,472","10,085","10,387"
수성구,소계,40~44세,"30,423","13,861","16,562"
수성구,소계,45~49세,"33,967","15,818","18,149"
수성구,소계,50~54세,"39,016","18,242","20,774"
수성구,소계,55~59세,"35,801","17,176","18,625"
수성구,소계,60~64세,"31,603","15,109","16,494"
수성구,소계,65~69세,"26,979","12,505","14,474"
수성구,소계,70~74세,"18,906","8,451","10,455"
수성구,소계,75~79세,"13,815","5,920","7,895"
수성구,소계,80~84세,"10,714","4,230","6,484"
수성구,소계,85~89세,"6,130","2,158","3,972"
수성구,소계,90~94세,"2,173",631,"1,542"
수성구,소계,95~99세,425,77,348
수성구,소계,100세이상,42,5,37
수성구,범어1동,0~4세,623,310,313
수성구,범어1동,5~9세,"1,457",701,756
수성구,범어1동,10~14세,"1,599",807,792
수성구,범어1동,15~19세,"1,357",656,701
수성구,범어1동,20~24세,"1,067",558,509
수성구,범어1동,25~29세,980,502,478
수성구,범어1동,30~34세,"1,017",474,543
수성구,범어1동,35~39세,"1,353",607,746
수성구,범어1동,40~44세,"2,032",916,"1,116"
수성구,범어1동,45~49세,"2,005",978,"1,027"
수성구,범어1동,50~54세,"1,926",908,"1,018"
수성구,범어1동,55~59세,"1,565",778,787
수성구,범어1동,60~64세,"1,218",621,597
수성구,범어1동,65~69세,872,405,467
수성구,범어1동,70~74세,656,288,368
수성구,범어1동,75~79세,559,239,320
수성구,범어1동,80~84세,397,157,240
수성구,범어1동,85~89세,236,99,137
수성구,범어1동,90~94세,71,29,42
수성구,범어1동,95~99세,14,4,10
수성구,범어1동,100세이상,1,-,1
수성구,범어2동,0~4세,256,123,133
수성구,범어2동,5~9세,584,293,291
수성구,범어2동,10~14세,798,399,399
수성구,범어2동,15~19세,804,400,404
수성구,범어2동,20~24세,860,453,407
수성구,범어2동,25~29세,"1,040",476,564
수성구,범어2동,30~34세,959,488,471
수성구,범어2동,35~39세,762,368,394
수성구,범어2동,40~44세,"1,065",453,612
수성구,범어2동,45~49세,"1,134",531,603
수성구,범어2동,50~54세,"1,296",608,688
수성구,범어2동,55~59세,"1,171",567,604
수성구,범어2동,60~64세,"1,026",511,515
수성구,범어2동,65~69세,820,402,418
수성구,범어2동,70~74세,606,264,342
수성구,범어2동,75~79세,426,194,232
수성구,범어2동,80~84세,386,165,221
수성구,범어2동,85~89세,194,80,114
수성구,범어2동,90~94세,62,20,42
수성구,범어2동,95~99세,14,3,11
수성구,범어2동,100세이상,1,-,1
수성구,범어3동,0~4세,624,330,294
수성구,범어3동,5~9세,"1,283",666,617
수성구,범어3동,10~14세,"1,247",562,685
수성구,범어3동,15~19세,995,483,512
수성구,범어3동,20~24세,981,513,468
수성구,범어3동,25~29세,906,445,461
수성구,범어3동,30~34세,"1,053",481,572
수성구,범어3동,35~39세,"1,237",575,662
수성구,범어3동,40~44세,"1,741",802,939
수성구,범어3동,45~49세,"1,686",838,848
수성구,범어3동,50~54세,"1,617",768,849
수성구,범어3동,55~59세,"1,302",657,645
수성구,범어3동,60~64세,881,428,453
수성구,범어3동,65~69세,679,324,355
수성구,범어3동,70~74세,431,185,246
수성구,범어3동,75~79세,333,147,186
수성구,범어3동,80~84세,255,104,151
수성구,범어3동,85~89세,137,56,81
수성구,범어3동,90~94세,53,20,33
수성구,범어3동,95~99세,8,1,7
수성구,범어3동,100세이상,-,-,-
수성구,범어4동,0~4세,221,125,96
수성구,범어4동,5~9세,"1,158",632,526
수성구,범어4동,10~14세,"2,432","1,281","1,151"
수성구,범어4동,15~19세,"1,845",992,853
수성구,범어4동,20~24세,"1,068",587,481
수성구,범어4동,25~29세,632,345,287
수성구,범어4동,30~34세,431,228,203
수성구,범어4동,35~39세,634,261,373
수성구,범어4동,40~44세,"1,984",782,"1,202"
수성구,범어4동,45~49세,"2,437","1,154","1,283"
수성구,범어4동,50~54세,"2,026","1,054",972
수성구,범어4동,55~59세,"1,227",652,575
수성구,범어4동,60~64세,797,393,404
수성구,범어4동,65~69세,680,305,375
수성구,범어4동,70~74세,509,214,295
수성구,범어4동,75~79세,388,159,229
수성구,범어4동,80~84세,272,111,161
수성구,범어4동,85~89세,145,55,90
수성구,범어4동,90~94세,62,17,45
수성구,범어4동,95~99세,7,2,5
수성구,범어4동,100세이상,1,-,1
수성구,만촌1동,0~4세,387,195,192
수성구,만촌1동,5~9세,877,464,413
수성구,만촌1동,10~14세,"1,036",539,497
수성구,만촌1동,15~19세,"1,109",583,526
수성구,만촌1동,20~24세,"1,095",614,481
수성구,만촌1동,25~29세,"1,105",604,501
수성구,만촌1동,30~34세,"1,010",554,456
수성구,만촌1동,35~39세,960,477,483
수성구,만촌1동,40~44세,"1,404",648,756
수성구,만촌1동,45~49세,"1,583",745,838
수성구,만촌1동,50~54세,"1,895",860,"1,035"
수성구,만촌1동,55~59세,"1,880",918,962
수성구,만촌1동,60~64세,"1,707",818,889
수성구,만촌1동,65~69세,"1,488",685,803
수성구,만촌1동,70~74세,"1,154",526,628
수성구,만촌1동,75~79세,836,369,467
수성구,만촌1동,80~84세,631,249,382
수성구,만촌1동,85~89세,394,147,247
수성구,만촌1동,90~94세,138,51,87
수성구,만촌1동,95~99세,22,4,18
수성구,만촌1동,100세이상,3,-,3
수성구,만촌2동,0~4세,188,87,101
수성구,만촌2동,5~9세,316,165,151
수성구,만촌2동,10~14세,498,253,245
수성구,만촌2동,15~19세,626,356,270
수성구,만촌2동,20~24세,746,416,330
수성구,만촌2동,25~29세,759,428,331
수성구,만촌2동,30~34세,641,371,270
수성구,만촌2동,35~39세,506,276,230
수성구,만촌2동,40~44세,689,335,354
수성구,만촌2동,45~49세,845,398,447
수성구,만촌2동,50~54세,"1,069",518,551
수성구,만촌2동,55~59세,"1,011",487,524
수성구,만촌2동,60~64세,848,410,438
수성구,만촌2동,65~69세,759,345,414
수성구,만촌2동,70~74세,572,273,299
수성구,만촌2동,75~79세,375,167,208
수성구,만촌2동,80~84세,289,116,173
수성구,만촌2동,85~89세,185,67,118
수성구,만촌2동,90~94세,60,15,45
수성구,만촌2동,95~99세,12,1,11
수성구,만촌2동,100세이상,2,-,2
수성구,만촌3동,0~4세,352,186,166
수성구,만촌3동,5~9세,"1,121",665,456
수성구,만촌3동,10~14세,"2,096","1,306",790
수성구,만촌3동,15~19세,"1,872","1,196",676
수성구,만촌3동,20~24세,"1,298",814,484
수성구,만촌3동,25~29세,898,510,388
수성구,만촌3동,30~34세,682,347,335
수성구,만촌3동,35~39세,884,393,491
수성구,만촌3동,40~44세,"2,059",888,"1,171"
수성구,만촌3동,45~49세,"2,470","1,135","1,335"
수성구,만촌3동,50~54세,"2,272","1,119","1,153"
수성구,만촌3동,55~59세,"1,618",856,762
수성구,만촌3동,60~64세,"1,042",523,519
수성구,만촌3동,65~69세,846,389,457
수성구,만촌3동,70~74세,590,269,321
수성구,만촌3동,75~79세,469,201,268
수성구,만촌3동,80~84세,368,136,232
수성구,만촌3동,85~89세,173,62,111
수성구,만촌3동,90~94세,62,15,47
수성구,만촌3동,95~99세,9,3,6
수성구,만촌3동,100세이상,1,1,-
수성구,수성1가동,0~4세,278,138,140
수성구,수성1가동,5~9세,651,283,368
수성구,수성1가동,10~14세,"1,018",443,575
수성구,수성1가동,15~19세,936,421,515
수성구,수성1가동,20~24세,958,473,485
수성구,수성1가동,25~29세,822,418,404
수성구,수성1가동,30~34세,725,371,354
수성구,수성1가동,35~39세,724,362,362
수성구,수성1가동,40~44세,"1,138",493,645
수성구,수성1가동,45~49세,"1,390",627,763
수성구,수성1가동,50~54세,"1,691",799,892
수성구,수성1가동,55~59세,"1,510",728,782
수성구,수성1가동,60~64세,"1,194",562,632
수성구,수성1가동,65~69세,"1,085",461,624
수성구,수성1가동,70~74세,895,377,518
수성구,수성1가동,75~79세,770,292,478
수성구,수성1가동,80~84세,634,241,393
수성구,수성1가동,85~89세,376,133,243
수성구,수성1가동,90~94세,130,32,98
수성구,수성1가동,95~99세,22,4,18
수성구,수성1가동,100세이상,7,1,6
수성구,수성2·3가동,0~4세,204,92,112
수성구,수성2·3가동,5~9세,499,253,246
수성구,수성2·3가동,10~14세,685,345,340
수성구,수성2·3가동,15~19세,747,391,356
수성구,수성2·3가동,20~24세,606,321,285
수성구,수성2·3가동,25~29세,446,243,203
수성구,수성2·3가동,30~34세,365,193,172
수성구,수성2·3가동,35~39세,434,195,239
수성구,수성2·3가동,40~44세,772,350,422
수성구,수성2·3가동,45~49세,992,458,534
수성구,수성2·3가동,50~54세,"1,062",541,521
수성구,수성2·3가동,55~59세,819,435,384
수성구,수성2·3가동,60~64세,734,366,368
수성구,수성2·3가동,65~69세,659,306,353
수성구,수성2·3가동,70~74세,493,216,277
수성구,수성2·3가동,75~79세,376,154,222
수성구,수성2·3가동,80~84세,307,131,176
수성구,수성2·3가동,85~89세,163,61,102
수성구,수성2·3가동,90~94세,48,20,28
수성구,수성2·3가동,95~99세,9,2,7
수성구,수성2·3가동,100세이상,1,-,1
수성구,수성4가동,0~4세,172,91,81
수성구,수성4가동,5~9세,312,164,148
수성구,수성4가동,10~14세,520,247,273
수성구,수성4가동,15~19세,647,313,334
수성구,수성4가동,20~24세,837,455,382
수성구,수성4가동,25~29세,751,388,363
수성구,수성4가동,30~34세,698,347,351
수성구,수성4가동,35~39세,519,261,258
수성구,수성4가동,40~44세,710,313,397
수성구,수성4가동,45~49세,864,361,503
수성구,수성4가동,50~54세,"1,336",555,781
수성구,수성4가동,55~59세,"1,452",668,784
수성구,수성4가동,60~64세,"1,265",598,667
수성구,수성4가동,65~69세,"1,069",488,581
수성구,수성4가동,70~74세,751,322,429
수성구,수성4가동,75~79세,592,271,321
수성구,수성4가동,80~84세,461,164,297
수성구,수성4가동,85~89세,276,100,176
수성구,수성4가동,90~94세,103,33,70
수성구,수성4가동,95~99세,18,7,11
수성구,수성4가동,100세이상,4,-,4
수성구,황금1동,0~4세,399,202,197
수성구,황금1동,5~9세,"1,218",615,603
수성구,황금1동,10~14세,"1,796",878,918
수성구,황금1동,15~19세,"1,692",892,800
수성구,황금1동,20~24세,"1,336",732,604
수성구,황금1동,25~29세,911,495,416
수성구,황금1동,30~34세,700,362,338
수성구,황금1동,35~39세,950,431,519
수성구,황금1동,40~44세,"1,775",761,"1,014"
수성구,황금1동,45~49세,"2,046",905,"1,141"
수성구,황금1동,50~54세,"2,279","1,084","1,195"
수성구,황금1동,55~59세,"1,906",945,961
수성구,황금1동,60~64세,"1,478",716,762
수성구,황금1동,65~69세,"1,282",579,703
수성구,황금1동,70~74세,797,378,419
수성구,황금1동,75~79세,556,243,313
수성구,황금1동,80~84세,412,164,248
수성구,황금1동,85~89세,247,81,166
수성구,황금1동,90~94세,97,21,76
수성구,황금1동,95~99세,26,3,23
수성구,황금1동,100세이상,1,-,1
수성구,황금2동,0~4세,281,129,152
수성구,황금2동,5~9세,426,214,212
수성구,황금2동,10~14세,458,221,237
수성구,황금2동,15~19세,419,205,214
수성구,황금2동,20~24세,566,261,305
수성구,황금2동,25~29세,850,417,433
수성구,황금2동,30~34세,825,401,424
수성구,황금2동,35~39세,683,341,342
수성구,황금2동,40~44세,898,464,434
수성구,황금2동,45~49세,840,411,429
수성구,황금2동,50~54세,958,476,482
수성구,황금2동,55~59세,878,429,449
수성구,황금2동,60~64세,815,377,438
수성구,황금2동,65~69세,735,333,402
수성구,황금2동,70~74세,592,238,354
수성구,황금2동,75~79세,469,210,259
수성구,황금2동,80~84세,340,134,206
수성구,황금2동,85~89세,160,62,98
수성구,황금2동,90~94세,55,17,38
수성구,황금2동,95~99세,7,-,7
수성구,황금2동,100세이상,-,-,-
수성구,중동,0~4세,554,289,265
수성구,중동,5~9세,665,343,322
수성구,중동,10~14세,646,327,319
수성구,중동,15~19세,508,283,225
수성구,중동,20~24세,669,358,311
수성구,중동,25~29세,822,397,425
수성구,중동,30~34세,"1,044",523,521
수성구,중동,35~39세,"1,112",545,567
수성구,중동,40~44세,"1,313",652,661
수성구,중동,45~49세,"1,167",605,562
수성구,중동,50~54세,"1,259",630,629
수성구,중동,55~59세,"1,143",567,576
수성구,중동,60~64세,"1,039",510,529
수성구,중동,65~69세,880,409,471
수성구,중동,70~74세,625,275,350
수성구,중동,75~79세,472,210,262
수성구,중동,80~84세,334,122,212
수성구,중동,85~89세,188,74,114
수성구,중동,90~94세,77,27,50
수성구,중동,95~99세,18,3,15
수성구,중동,100세이상,1,-,1
수성구,상동,0~4세,219,122,97
수성구,상동,5~9세,374,194,180
수성구,상동,10~14세,473,249,224
수성구,상동,15~19세,583,306,277
수성구,상동,20~24세,704,354,350
수성구,상동,25~29세,867,450,417
수성구,상동,30~34세,834,460,374
수성구,상동,35~39세,643,342,301
수성구,상동,40~44세,891,446,445
수성구,상동,45~49세,"1,055",505,550
수성구,상동,50~54세,"1,244",601,643
수성구,상동,55~59세,"1,291",605,686
수성구,상동,60~64세,"1,374",663,711
수성구,상동,65~69세,"1,310",618,692
수성구,상동,70~74세,960,453,507
수성구,상동,75~79세,671,283,388
수성구,상동,80~84세,553,238,315
수성구,상동,85~89세,283,94,189
수성구,상동,90~94세,111,24,87
수성구,상동,95~99세,24,2,22
수성구,상동,100세이상,-,-,-
수성구,파동,0~4세,523,251,272
수성구,파동,5~9세,554,287,267
수성구,파동,10~14세,607,310,297
수성구,파동,15~19세,496,278,218
수성구,파동,20~24세,559,295,264
수성구,파동,25~29세,702,371,331
수성구,파동,30~34세,"1,056",540,516
수성구,파동,35~39세,"1,116",563,553
수성구,파동,40~44세,"1,254",631,623
수성구,파동,45~49세,"1,090",518,572
수성구,파동,50~54세,"1,198",566,632
수성구,파동,55~59세,"1,207",551,656
수성구,파동,60~64세,"1,251",542,709
수성구,파동,65~69세,"1,269",558,711
수성구,파동,70~74세,920,396,524
수성구,파동,75~79세,658,319,339
수성구,파동,80~84세,493,206,287
수성구,파동,85~89세,258,100,158
수성구,파동,90~94세,96,28,68
수성구,파동,95~99세,23,4,19
수성구,파동,100세이상,2,-,2
수성구,두산동,0~4세,390,218,172
수성구,두산동,5~9세,550,293,257
수성구,두산동,10~14세,570,294,276
수성구,두산동,15~19세,590,292,298
수성구,두산동,20~24세,788,388,400
수성구,두산동,25~29세,"1,181",589,592
수성구,두산동,30~34세,"1,183",579,604
수성구,두산동,35~39세,983,492,491
수성구,두산동,40~44세,"1,116",533,583
수성구,두산동,45~49세,"1,114",530,584
수성구,두산동,50~54세,"1,339",621,718
수성구,두산동,55~59세,"1,349",636,713
수성구,두산동,60~64세,"1,183",604,579
수성구,두산동,65~69세,935,433,502
수성구,두산동,70~74세,614,261,353
수성구,두산동,75~79세,400,180,220
수성구,두산동,80~84세,273,127,146
수성구,두산동,85~89세,139,52,87
수성구,두산동,90~94세,57,19,38
수성구,두산동,95~99세,10,1,9
수성구,두산동,100세이상,2,1,1
수성구,지산1동,0~4세,178,87,91
수성구,지산1동,5~9세,339,188,151
수성구,지산1동,10~14세,570,313,257
수성구,지산1동,15~19세,741,413,328
수성구,지산1동,20~24세,"1,068",607,461
수성구,지산1동,25~29세,"1,319",689,630
수성구,지산1동,30~34세,"1,080",605,475
수성구,지산1동,35~39세,781,442,339
수성구,지산1동,40~44세,"1,001",476,525
수성구,지산1동,45~49세,"1,219",573,646
수성구,지산1동,50~54세,"1,773",789,984
수성구,지산1동,55~59세,"1,922",854,"1,068"
수성구,지산1동,60~64세,"1,924",898,"1,026"
수성구,지산1동,65~69세,"1,737",788,949
수성구,지산1동,70~74세,"1,280",551,729
수성구,지산1동,75~79세,977,400,577
수성구,지산1동,80~84세,765,300,465
수성구,지산1동,85~89세,433,130,303
수성구,지산1동,90~94세,150,43,107
수성구,지산1동,95~99세,31,8,23
수성구,지산1동,100세이상,2,-,2
수성구,지산2동,0~4세,302,159,143
수성구,지산2동,5~9세,538,288,250
수성구,지산2동,10~14세,768,386,382
수성구,지산2동,15~19세,867,409,458
수성구,지산2동,20~24세,947,502,445
수성구,지산2동,25~29세,"1,049",521,528
수성구,지산2동,30~34세,"1,063",583,480
수성구,지산2동,35~39세,898,448,450
수성구,지산2동,40~44세,"1,168",538,630
수성구,지산2동,45~49세,"1,286",591,695
수성구,지산2동,50~54세,"1,727",763,964
수성구,지산2동,55~59세,"1,740",790,950
수성구,지산2동,60~64세,"1,783",790,993
수성구,지산2동,65~69세,"1,620",711,909
수성구,지산2동,70~74세,"1,120",525,595
수성구,지산2동,75~79세,735,309,426
수성구,지산2동,80~84세,568,230,338
수성구,지산2동,85~89세,353,129,224
수성구,지산2동,90~94세,140,30,110
수성구,지산2동,95~99세,24,7,17
수성구,지산2동,100세이상,3,-,3
수성구,범물1동,0~4세,79,33,46
수성구,범물1동,5~9세,134,62,72
수성구,범물1동,10~14세,198,100,98
수성구,범물1동,15~19세,263,130,133
수성구,범물1동,20~24세,375,218,157
수성구,범물1동,25~29세,420,239,181
수성구,범물1동,30~34세,394,211,183
수성구,범물1동,35~39세,346,188,158
수성구,범물1동,40~44세,429,224,205
수성구,범물1동,45~49세,502,275,227
수성구,범물1동,50~54세,727,324,403
수성구,범물1동,55~59세,925,416,509
수성구,범물1동,60~64세,"1,168",534,634
수성구,범물1동,65~69세,"1,222",539,683
수성구,범물1동,70~74세,996,428,568
수성구,범물1동,75~79세,755,287,468
수성구,범물1동,80~84세,617,208,409
수성구,범물1동,85~89세,348,77,271
수성구,범물1동,90~94세,116,28,88
수성구,범물1동,95~99세,28,4,24
수성구,범물1동,100세이상,4,1,3
수성구,범물2동,0~4세,286,146,140
수성구,범물2동,5~9세,594,302,292
수성구,범물2동,10~14세,810,403,407
수성구,범물2동,15~19세,840,450,390
수성구,범물2동,20~24세,849,468,381
수성구,범물2동,25~29세,786,414,372
수성구,범물2동,30~34세,789,422,367
수성구,범물2동,35~39세,772,406,366
수성구,범물2동,40~44세,"1,108",512,596
수성구,범물2동,45~49세,"1,244",568,676
수성구,범물2동,50~54세,"1,459",666,793
수성구,범물2동,55~59세,"1,445",680,765
수성구,범물2동,60~64세,"1,408",625,783
수성구,범물2동,65~69세,"1,387",627,760
수성구,범물2동,70~74세,909,432,477
수성구,범물2동,75~79세,516,255,261
수성구,범물2동,80~84세,359,152,207
수성구,범물2동,85~89세,204,70,134
수성구,범물2동,90~94세,71,19,52
수성구,범물2동,95~99세,17,-,17
수성구,범물2동,100세이상,1,-,1
수성구,고산1동,0~4세,557,300,257
수성구,고산1동,5~9세,"1,312",696,616
수성구,고산1동,10~14세,"2,108","1,090","1,018"
수성구,고산1동,15~19세,"2,223","1,135","1,088"
수성구,고산1동,20~24세,"2,015","1,086",929
수성구,고산1동,25~29세,"1,692",922,770
수성구,고산1동,30~34세,"1,508",763,745
수성구,고산1동,35~39세,"1,402",713,689
수성구,고산1동,40~44세,"2,238",962,"1,276"
수성구,고산1동,45~49세,"2,752","1,222","1,530"
수성구,고산1동,50~54세,"3,213","1,452","1,761"
수성구,고산1동,55~59세,"2,880","1,353","1,527"
수성구,고산1동,60~64세,"2,544","1,197","1,347"
수성구,고산1동,65~69세,"1,877",957,920
수성구,고산1동,70~74세,"1,091",514,577
수성구,고산1동,75~79세,798,339,459
수성구,고산1동,80~84세,613,246,367
수성구,고산1동,85~89세,380,144,236
수성구,고산1동,90~94세,115,24,91
수성구,고산1동,95~99세,24,6,18
수성구,고산1동,100세이상,1,-,1
수성구,고산2동,0~4세,643,330,313
수성구,고산2동,5~9세,"1,097",572,525
수성구,고산2동,10~14세,"1,344",692,652
수성구,고산2동,15~19세,"1,438",774,664
수성구,고산2동,20~24세,"1,560",892,668
수성구,고산2동,25~29세,"1,495",811,684
수성구,고산2동,30~34세,"1,513",803,710
수성구,고산2동,35~39세,"1,434",752,682
수성구,고산2동,40~44세,"1,779",833,946
수성구,고산2동,45~49세,"1,979",896,"1,083"
수성구,고산2동,50~54세,"2,578","1,215","1,363"
수성구,고산2동,55~59세,"2,367","1,135","1,232"
수성구,고산2동,60~64세,"2,163","1,031","1,132"
수성구,고산2동,65~69세,"1,803",864,939
수성구,고산2동,70~74세,"1,134",522,612
수성구,고산2동,75~79세,820,350,470
수성구,고산2동,80~84세,600,245,355
수성구,고산2동,85~89세,376,131,245
수성구,고산2동,90~94세,123,47,76
수성구,고산2동,95~99세,25,6,19
수성구,고산2동,100세이상,3,1,2
수성구,고산3동,0~4세,477,244,233
수성구,고산3동,5~9세,"1,005",533,472
수성구,고산3동,10~14세,"1,514",797,717
수성구,고산3동,15~19세,"1,767",946,821
수성구,고산3동,20~24세,"1,954","1,069",885
수성구,고산3동,25~29세,"1,791",927,864
수성구,고산3동,30~34세,"1,528",800,728
수성구,고산3동,35~39세,"1,339",647,692
수성구,고산3동,40~44세,"1,859",849,"1,010"
수성구,고산3동,45~49세,"2,267",994,"1,273"
수성구,고산3동,50~54세,"3,072","1,325","1,747"
수성구,고산3동,55~59세,"3,193","1,469","1,724"
수성구,고산3동,60~64세,"2,761","1,392","1,369"
수성구,고산3동,65~69세,"1,965",979,986
수성구,고산3동,70~74세,"1,211",544,667
수성구,고산3동,75~79세,864,342,522
수성구,고산3동,80~84세,787,284,503
수성구,고산3동,85~89세,482,154,328
수성구,고산3동,90~94세,176,52,124
수성구,고산3동,95~99세,33,2,31
수성구,고산3동,100세이상,1,-,1
달서구,소계,0~4세,"10,920","5,623","5,297"
달서구,소계,5~9세,"18,626","9,546","9,080"
달서구,소계,10~14세,"24,270","12,308","11,962"
달서구,소계,15~19세,"25,032","12,848","12,184"
달서구,소계,20~24세,"29,817","15,582","14,235"
달서구,소계,25~29세,"32,827","17,335","15,492"
달서구,소계,30~34세,"32,303","17,620","14,683"
달서구,소계,35~39세,"28,169","14,896","13,273"
달서구,소계,40~44세,"36,102","17,799","18,303"
달서구,소계,45~49세,"39,229","19,034","20,195"
달서구,소계,50~54세,"47,887","22,996","24,891"
달서구,소계,55~59세,"49,273","23,510","25,763"
달서구,소계,60~64세,"47,117","22,652","24,465"
달서구,소계,65~69세,"37,979","18,087","19,892"
달서구,소계,70~74세,"24,865","11,399","13,466"
달서구,소계,75~79세,"16,529","7,305","9,224"
달서구,소계,80~84세,"11,967","4,607","7,360"
달서구,소계,85~89세,"6,634","2,084","4,550"
달서구,소계,90~94세,"2,053",508,"1,545"
달서구,소계,95~99세,382,67,315
달서구,소계,100세이상,40,7,33
달서구,성당동,0~4세,303,145,158
달서구,성당동,5~9세,612,315,297
달서구,성당동,10~14세,973,450,523
달서구,성당동,15~19세,866,404,462
달서구,성당동,20~24세,891,430,461
달서구,성당동,25~29세,"1,168",590,578
달서구,성당동,30~34세,"1,129",627,502
달서구,성당동,35~39세,"1,009",543,466
달서구,성당동,40~44세,"1,420",708,712
달서구,성당동,45~49세,"1,591",824,767
달서구,성당동,50~54세,"1,742",913,829
달서구,성당동,55~59세,"1,911",925,986
달서구,성당동,60~64세,"2,049",973,"1,076"
달서구,성당동,65~69세,"1,869",870,999
달서구,성당동,70~74세,"1,412",640,772
달서구,성당동,75~79세,955,432,523
달서구,성당동,80~84세,663,265,398
달서구,성당동,85~89세,381,122,259
달서구,성당동,90~94세,97,17,80
달서구,성당동,95~99세,14,3,11
달서구,성당동,100세이상,4,-,4
달서구,두류1·2동,0~4세,249,123,126
달서구,두류1·2동,5~9세,285,149,136
달서구,두류1·2동,10~14세,315,167,148
달서구,두류1·2동,15~19세,344,166,178
달서구,두류1·2동,20~24세,691,297,394
달서구,두류1·2동,25~29세,"1,239",588,651
달서구,두류1·2동,30~34세,"1,249",654,595
달서구,두류1·2동,35~39세,873,482,391
달서구,두류1·2동,40~44세,906,494,412
달서구,두류1·2동,45~49세,823,466,357
달서구,두류1·2동,50~54세,"1,053",572,481
달서구,두류1·2동,55~59세,"1,227",626,601
달서구,두류1·2동,60~64세,"1,306",614,692
달서구,두류1·2동,65~69세,"1,248",600,648
달서구,두류1·2동,70~74세,905,383,522
달서구,두류1·2동,75~79세,678,290,388
달서구,두류1·2동,80~84세,563,232,331
달서구,두류1·2동,85~89세,259,79,180
달서구,두류1·2동,90~94세,61,12,49
달서구,두류1·2동,95~99세,14,2,12
달서구,두류1·2동,100세이상,-,-,-
달서구,두류3동,0~4세,147,77,70
달서구,두류3동,5~9세,207,113,94
달서구,두류3동,10~14세,262,132,130
달서구,두류3동,15~19세,309,149,160
달서구,두류3동,20~24세,394,186,208
달서구,두류3동,25~29세,631,330,301
달서구,두류3동,30~34세,574,315,259
달서구,두류3동,35~39세,464,258,206
달서구,두류3동,40~44세,526,260,266
달서구,두류3동,45~49세,520,251,269
달서구,두류3동,50~54세,695,343,352
달서구,두류3동,55~59세,732,342,390
달서구,두류3동,60~64세,756,356,400
달서구,두류3동,65~69세,729,333,396
달서구,두류3동,70~74세,547,240,307
달서구,두류3동,75~79세,453,192,261
달서구,두류3동,80~84세,344,140,204
달서구,두류3동,85~89세,172,59,113
달서구,두류3동,90~94세,49,16,33
달서구,두류3동,95~99세,8,3,5
달서구,두류3동,100세이상,2,-,2
달서구,본리동,0~4세,749,383,366
달서구,본리동,5~9세,"1,007",497,510
달서구,본리동,10~14세,"1,294",652,642
달서구,본리동,15~19세,"1,105",521,584
달서구,본리동,20~24세,"1,008",521,487
달서구,본리동,25~29세,"1,175",623,552
달서구,본리동,30~34세,"1,677",892,785
달서구,본리동,35~39세,"1,539",817,722
달서구,본리동,40~44세,"1,881",947,934
달서구,본리동,45~49세,"1,910",902,"1,008"
달서구,본리동,50~54세,"2,016",998,"1,018"
달서구,본리동,55~59세,"1,921",882,"1,039"
달서구,본리동,60~64세,"1,828",885,943
달서구,본리동,65~69세,"1,402",656,746
달서구,본리동,70~74세,890,433,457
달서구,본리동,75~79세,515,262,253
달서구,본리동,80~84세,326,130,196
달서구,본리동,85~89세,188,60,128
달서구,본리동,90~94세,66,16,50
달서구,본리동,95~99세,11,-,11
달서구,본리동,100세이상,-,-,-
달서구,감삼동,0~4세,"1,025",519,506
달서구,감삼동,5~9세,"1,467",740,727
달서구,감삼동,10~14세,"1,407",698,709
달서구,감삼동,15~19세,"1,290",611,679
달서구,감삼동,20~24세,"1,632",854,778
달서구,감삼동,25~29세,"2,110","1,041","1,069"
달서구,감삼동,30~34세,"2,524","1,284","1,240"
달서구,감삼동,35~39세,"2,198","1,133","1,065"
달서구,감삼동,40~44세,"2,486","1,252","1,234"
달서구,감삼동,45~49세,"2,165","1,076","1,089"
달서구,감삼동,50~54세,"2,632","1,191","1,441"
달서구,감삼동,55~59세,"2,690","1,280","1,410"
달서구,감삼동,60~64세,"2,426","1,186","1,240"
달서구,감삼동,65~69세,"1,818",862,956
달서구,감삼동,70~74세,"1,177",537,640
달서구,감삼동,75~79세,750,347,403
달서구,감삼동,80~84세,501,217,284
달서구,감삼동,85~89세,238,93,145
달서구,감삼동,90~94세,60,13,47
달서구,감삼동,95~99세,17,6,11
달서구,감삼동,100세이상,-,-,-
달서구,죽전동,0~4세,347,168,179
달서구,죽전동,5~9세,327,158,169
달서구,죽전동,10~14세,381,192,189
달서구,죽전동,15~19세,463,232,231
달서구,죽전동,20~24세,757,367,390
달서구,죽전동,25~29세,"1,215",610,605
달서구,죽전동,30~34세,"1,275",695,580
달서구,죽전동,35~39세,959,556,403
달서구,죽전동,40~44세,913,485,428
달서구,죽전동,45~49세,866,438,428
달서구,죽전동,50~54세,"1,198",570,628
달서구,죽전동,55~59세,"1,303",621,682
달서구,죽전동,60~64세,"1,471",683,788
달서구,죽전동,65~69세,"1,156",541,615
달서구,죽전동,70~74세,729,346,383
달서구,죽전동,75~79세,445,206,239
달서구,죽전동,80~84세,324,124,200
달서구,죽전동,85~89세,172,52,120
달서구,죽전동,90~94세,56,16,40
달서구,죽전동,95~99세,4,3,1
달서구,죽전동,100세이상,2,-,2
달서구,장기동,0~4세,328,164,164
달서구,장기동,5~9세,511,278,233
달서구,장기동,10~14세,663,332,331
달서구,장기동,15~19세,722,369,353
달서구,장기동,20~24세,830,446,384
달서구,장기동,25~29세,"1,055",555,500
달서구,장기동,30~34세,"1,053",567,486
달서구,장기동,35~39세,812,424,388
달서구,장기동,40~44세,"1,110",570,540
달서구,장기동,45~49세,"1,136",556,580
달서구,장기동,50~54세,"1,443",649,794
달서구,장기동,55~59세,"1,591",754,837
달서구,장기동,60~64세,"1,470",691,779
달서구,장기동,65~69세,"1,083",497,586
달서구,장기동,70~74세,792,377,415
달서구,장기동,75~79세,474,202,272
달서구,장기동,80~84세,342,118,224
달서구,장기동,85~89세,163,51,112
달서구,장기동,90~94세,55,14,41
달서구,장기동,95~99세,6,1,5
달서구,장기동,100세이상,1,-,1
달서구,용산1동,0~4세,488,251,237
달서구,용산1동,5~9세,765,404,361
달서구,용산1동,10~14세,"1,247",615,632
달서구,용산1동,15~19세,"1,561",824,737
달서구,용산1동,20~24세,"1,870","1,018",852
달서구,용산1동,25~29세,"2,126","1,158",968
달서구,용산1동,30~34세,"1,808","1,007",801
달서구,용산1동,35~39세,"1,340",724,616
달서구,용산1동,40~44세,"1,607",777,830
달서구,용산1동,45~49세,"2,166",982,"1,184"
달서구,용산1동,50~54세,"3,076","1,444","1,632"
달서구,용산1동,55~59세,"3,378","1,629","1,749"
달서구,용산1동,60~64세,"2,888","1,500","1,388"
달서구,용산1동,65~69세,"1,845",953,892
달서구,용산1동,70~74세,"1,096",480,616
달서구,용산1동,75~79세,746,351,395
달서구,용산1동,80~84세,556,226,330
달서구,용산1동,85~89세,297,104,193
달서구,용산1동,90~94세,70,15,55
달서구,용산1동,95~99세,10,2,8
달서구,용산1동,100세이상,2,1,1
달서구,용산2동,0~4세,341,166,175
달서구,용산2동,5~9세,692,364,328
달서구,용산2동,10~14세,"1,009",544,465
달서구,용산2동,15~19세,"1,212",637,575
달서구,용산2동,20~24세,"1,500",817,683
달서구,용산2동,25~29세,"1,789",989,800
달서구,용산2동,30~34세,"1,570",878,692
달서구,용산2동,35~39세,"1,144",645,499
달서구,용산2동,40~44세,"1,510",760,750
달서구,용산2동,45~49세,"1,814",852,962
달서구,용산2동,50~54세,"2,681","1,199","1,482"
달서구,용산2동,55~59세,"3,205","1,526","1,679"
달서구,용산2동,60~64세,"2,885","1,443","1,442"
달서구,용산2동,65~69세,"1,794",934,860
달서구,용산2동,70~74세,972,469,503
달서구,용산2동,75~79세,648,271,377
달서구,용산2동,80~84세,535,201,334
달서구,용산2동,85~89세,279,88,191
달서구,용산2동,90~94세,70,22,48
달서구,용산2동,95~99세,12,1,11
달서구,용산2동,100세이상,2,-,2
달서구,이곡1동,0~4세,280,157,123
달서구,이곡1동,5~9세,535,288,247
달서구,이곡1동,10~14세,743,367,376
달서구,이곡1동,15~19세,972,476,496
달서구,이곡1동,20~24세,"1,384",768,616
달서구,이곡1동,25~29세,"1,619",891,728
달서구,이곡1동,30~34세,"1,367",765,602
달서구,이곡1동,35~39세,948,527,421
달서구,이곡1동,40~44세,"1,096",545,551
달서구,이곡1동,45~49세,"1,472",683,789
달서구,이곡1동,50~54세,"2,088",954,"1,134"
달서구,이곡1동,55~59세,"2,580","1,232","1,348"
달서구,이곡1동,60~64세,"2,082","1,058","1,024"
달서구,이곡1동,65~69세,"1,312",682,630
달서구,이곡1동,70~74세,804,369,435
달서구,이곡1동,75~79세,525,221,304
달서구,이곡1동,80~84세,369,145,224
달서구,이곡1동,85~89세,221,63,158
달서구,이곡1동,90~94세,72,18,54
달서구,이곡1동,95~99세,14,3,11
달서구,이곡1동,100세이상,2,-,2
달서구,이곡2동,0~4세,191,109,82
달서구,이곡2동,5~9세,342,183,159
달서구,이곡2동,10~14세,439,212,227
달서구,이곡2동,15~19세,553,284,269
달서구,이곡2동,20~24세,813,448,365
달서구,이곡2동,25~29세,991,544,447
달서구,이곡2동,30~34세,980,568,412
달서구,이곡2동,35~39세,739,418,321
달서구,이곡2동,40~44세,869,467,402
달서구,이곡2동,45~49세,929,460,469
달서구,이곡2동,50~54세,"1,427",699,728
달서구,이곡2동,55~59세,"1,594",730,864
달서구,이곡2동,60~64세,"1,717",816,901
달서구,이곡2동,65~69세,"1,400",707,693
달서구,이곡2동,70~74세,740,369,371
달서구,이곡2동,75~79세,459,214,245
달서구,이곡2동,80~84세,329,126,203
달서구,이곡2동,85~89세,138,46,92
달서구,이곡2동,90~94세,41,11,30
달서구,이곡2동,95~99세,6,1,5
달서구,이곡2동,100세이상,2,-,2
달서구,신당동,0~4세,356,180,176
달서구,신당동,5~9세,487,254,233
달서구,신당동,10~14세,724,392,332
달서구,신당동,15~19세,"1,064",504,560
달서구,신당동,20~24세,"3,809","1,752","2,057"
달서구,신당동,25~29세,"2,655","1,467","1,188"
달서구,신당동,30~34세,"1,837","1,153",684
달서구,신당동,35~39세,"1,231",714,517
달서구,신당동,40~44세,"1,331",741,590
달서구,신당동,45~49세,"1,693",897,796
달서구,신당동,50~54세,"2,585","1,290","1,295"
달서구,신당동,55~59세,"2,942","1,481","1,461"
달서구,신당동,60~64세,"2,659","1,349","1,310"
달서구,신당동,65~69세,"1,930",980,950
달서구,신당동,70~74세,"1,194",509,685
달서구,신당동,75~79세,936,413,523
달서구,신당동,80~84세,646,220,426
달서구,신당동,85~89세,406,117,289
달서구,신당동,90~94세,109,18,91
달서구,신당동,95~99세,28,5,23
달서구,신당동,100세이상,2,1,1
달서구,월성1동,0~4세,"1,119",593,526
달서구,월성1동,5~9세,"2,473","1,229","1,244"
달서구,월성1동,10~14세,"3,877","1,953","1,924"
달서구,월성1동,15~19세,"3,629","1,851","1,778"
달서구,월성1동,20~24세,"2,488","1,336","1,152"
달서구,월성1동,25~29세,"1,585",874,711
달서구,월성1동,30~34세,"1,577",767,810
달서구,월성1동,35~39세,"2,108",978,"1,130"
달서구,월성1동,40~44세,"3,799","1,654","2,145"
달서구,월성1동,45~49세,"4,838","2,223","2,615"
달서구,월성1동,50~54세,"4,503","2,247","2,256"
달서구,월성1동,55~59세,"2,756","1,481","1,275"
달서구,월성1동,60~64세,"1,766",878,888
달서구,월성1동,65~69세,"1,357",622,735
달서구,월성1동,70~74세,927,428,499
달서구,월성1동,75~79세,617,281,336
달서구,월성1동,80~84세,385,155,230
달서구,월성1동,85~89세,203,67,136
달서구,월성1동,90~94세,101,27,74
달서구,월성1동,95~99세,17,2,15
달서구,월성1동,100세이상,-,-,-
달서구,월성2동,0~4세,102,45,57
달서구,월성2동,5~9세,213,117,96
달서구,월성2동,10~14세,382,204,178
달서구,월성2동,15~19세,445,221,224
달서구,월성2동,20~24세,601,363,238
달서구,월성2동,25~29세,662,343,319
달서구,월성2동,30~34세,566,336,230
달서구,월성2동,35~39세,423,241,182
달서구,월성2동,40~44세,624,310,314
달서구,월성2동,45~49세,911,459,452
달서구,월성2동,50~54세,"1,240",620,620
달서구,월성2동,55~59세,"1,408",691,717
달서구,월성2동,60~64세,"1,436",712,724
달서구,월성2동,65~69세,"1,500",652,848
달서구,월성2동,70~74세,"1,318",556,762
달서구,월성2동,75~79세,946,360,586
달서구,월성2동,80~84세,691,220,471
달서구,월성2동,85~89세,407,114,293
달서구,월성2동,90~94세,124,27,97
달서구,월성2동,95~99세,15,4,11
달서구,월성2동,100세이상,1,-,1
달서구,진천동,0~4세,"1,190",610,580
달서구,진천동,5~9세,"2,049","1,039","1,010"
달서구,진천동,10~14세,"2,276","1,171","1,105"
달서구,진천동,15~19세,"2,358","1,251","1,107"
달서구,진천동,20~24세,"2,657","1,445","1,212"
달서구,진천동,25~29세,"3,055","1,615","1,440"
달서구,진천동,30~34세,"3,116","1,703","1,413"
달서구,진천동,35~39세,"2,828","1,472","1,356"
달서구,진천동,40~44세,"3,647","1,797","1,850"
달서구,진천동,45~49세,"3,712","1,742","1,970"
달서구,진천동,50~54세,"4,556","2,148","2,408"
달서구,진천동,55~59세,"4,579","2,114","2,465"
달서구,진천동,60~64세,"4,417","2,064","2,353"
달서구,진천동,65~69세,"3,531","1,678","1,853"
달서구,진천동,70~74세,"2,293","1,068","1,225"
달서구,진천동,75~79세,"1,513",675,838
달서구,진천동,80~84세,"1,071",433,638
달서구,진천동,85~89세,627,202,425
달서구,진천동,90~94세,212,49,163
달서구,진천동,95~99세,40,3,37
달서구,진천동,100세이상,2,1,1
달서구,유천동,0~4세,"1,565",829,736
달서구,유천동,5~9세,"3,111","1,584","1,527"
달서구,유천동,10~14세,"3,335","1,684","1,651"
달서구,유천동,15~19세,"2,301","1,207","1,094"
달서구,유천동,20~24세,"1,417",743,674
달서구,유천동,25~29세,"1,069",527,542
달서구,유천동,30~34세,"1,810",820,990
달서구,유천동,35~39세,"2,940","1,366","1,574"
달서구,유천동,40~44세,"4,210","1,943","2,267"
달서구,유천동,45~49세,"3,672","1,853","1,819"
달서구,유천동,50~54세,"2,764","1,434","1,330"
달서구,유천동,55~59세,"1,687",855,832
달서구,유천동,60~64세,"1,196",585,611
달서구,유천동,65~69세,979,457,522
달서구,유천동,70~74세,533,255,278
달서구,유천동,75~79세,321,133,188
달서구,유천동,80~84세,218,98,120
달서구,유천동,85~89세,81,25,56
달서구,유천동,90~94세,30,9,21
달서구,유천동,95~99세,5,-,5
달서구,유천동,100세이상,2,-,2
달서구,상인1동,0~4세,634,321,313
달서구,상인1동,5~9세,"1,206",612,594
달서구,상인1동,10~14세,"1,705",887,818
달서구,상인1동,15~19세,"2,066","1,159",907
달서구,상인1동,20~24세,"2,033","1,148",885
달서구,상인1동,25~29세,"1,897","1,035",862
달서구,상인1동,30~34세,"1,701",890,811
달서구,상인1동,35~39세,"1,460",732,728
달서구,상인1동,40~44세,"2,071",956,"1,115"
달서구,상인1동,45~49세,"2,532","1,136","1,396"
달서구,상인1동,50~54세,"3,229","1,416","1,813"
달서구,상인1동,55~59세,"3,150","1,478","1,672"
달서구,상인1동,60~64세,"3,050","1,421","1,629"
달서구,상인1동,65~69세,"2,471","1,159","1,312"
달서구,상인1동,70~74세,"1,565",743,822
달서구,상인1동,75~79세,"1,034",462,572
달서구,상인1동,80~84세,685,269,416
달서구,상인1동,85~89세,439,160,279
달서구,상인1동,90~94세,148,38,110
달서구,상인1동,95~99세,33,6,27
달서구,상인1동,100세이상,2,-,2
달서구,상인2동,0~4세,331,186,145
달서구,상인2동,5~9세,416,224,192
달서구,상인2동,10~14세,549,284,265
달서구,상인2동,15~19세,603,332,271
달서구,상인2동,20~24세,917,460,457
달서구,상인2동,25~29세,"1,554",806,748
달서구,상인2동,30~34세,"1,455",850,605
달서구,상인2동,35~39세,"1,041",601,440
달서구,상인2동,40~44세,"1,030",534,496
달서구,상인2동,45~49세,"1,017",491,526
달서구,상인2동,50~54세,"1,390",636,754
달서구,상인2동,55~59세,"1,654",734,920
달서구,상인2동,60~64세,"1,871",861,"1,010"
달서구,상인2동,65~69세,"1,472",667,805
달서구,상인2동,70~74세,913,443,470
달서구,상인2동,75~79세,576,257,319
달서구,상인2동,80~84세,416,157,259
달서구,상인2동,85~89세,267,78,189
달서구,상인2동,90~94세,61,16,45
달서구,상인2동,95~99세,13,1,12
달서구,상인2동,100세이상,-,-,-
달서구,상인3동,0~4세,65,37,28
달서구,상인3동,5~9세,123,71,52
달서구,상인3동,10~14세,155,78,77
달서구,상인3동,15~19세,237,131,106
달서구,상인3동,20~24세,308,168,140
달서구,상인3동,25~29세,409,233,176
달서구,상인3동,30~34세,397,240,157
달서구,상인3동,35~39세,375,220,155
달서구,상인3동,40~44세,455,250,205
달서구,상인3동,45~49세,450,238,212
달서구,상인3동,50~54세,693,352,341
달서구,상인3동,55~59세,944,434,510
달서구,상인3동,60~64세,"1,320",585,735
달서구,상인3동,65~69세,"1,361",632,729
달서구,상인3동,70~74세,"1,043",462,581
달서구,상인3동,75~79세,643,307,336
달서구,상인3동,80~84세,521,165,356
달서구,상인3동,85~89세,276,66,210
달서구,상인3동,90~94세,113,23,90
달서구,상인3동,95~99세,20,4,16
달서구,상인3동,100세이상,5,1,4
달서구,도원동,0~4세,421,215,206
달서구,도원동,5~9세,894,461,433
달서구,도원동,10~14세,"1,267",655,612
달서구,도원동,15~19세,"1,466",762,704
달서구,도원동,20~24세,"1,675",913,762
달서구,도원동,25~29세,"1,835",973,862
달서구,도원동,30~34세,"1,651",925,726
달서구,도원동,35~39세,"1,429",740,689
달서구,도원동,40~44세,"1,876",889,987
달서구,도원동,45~49세,"2,085",985,"1,100"
달서구,도원동,50~54세,"2,919","1,314","1,605"
달서구,도원동,55~59세,"3,452","1,521","1,931"
달서구,도원동,60~64세,"3,667","1,670","1,997"
달서구,도원동,65~69세,"3,143","1,501","1,642"
달서구,도원동,70~74세,"1,792",851,941
달서구,도원동,75~79세,"1,132",494,638
달서구,도원동,80~84세,770,292,478
달서구,도원동,85~89세,513,150,363
달서구,도원동,90~94세,139,47,92
달서구,도원동,95~99세,22,3,19
달서구,도원동,100세이상,6,2,4
달서구,송현1동,0~4세,157,76,81
달서구,송현1동,5~9세,290,158,132
달서구,송현1동,10~14세,422,209,213
달서구,송현1동,15~19세,476,264,212
달서구,송현1동,20~24세,787,386,401
달서구,송현1동,25~29세,"1,184",627,557
달서구,송현1동,30~34세,"1,016",566,450
달서구,송현1동,35~39세,769,457,312
달서구,송현1동,40~44세,935,509,426
달서구,송현1동,45~49세,986,535,451
달서구,송현1동,50~54세,"1,439",722,717
달서구,송현1동,55~59세,"1,726",836,890
달서구,송현1동,60~64세,"1,768",872,896
달서구,송현1동,65~69세,"1,621",771,850
달서구,송현1동,70~74세,"1,166",511,655
달서구,송현1동,75~79세,809,376,433
달서구,송현1동,80~84세,618,270,348
달서구,송현1동,85~89세,304,105,199
달서구,송현1동,90~94세,103,32,71
달서구,송현1동,95~99세,23,4,19
달서구,송현1동,100세이상,2,1,1
달서구,송현2동,0~4세,332,167,165
달서구,송현2동,5~9세,367,179,188
달서구,송현2동,10~14세,465,220,245
달서구,송현2동,15~19세,578,276,302
달서구,송현2동,20~24세,838,432,406
달서구,송현2동,25~29세,"1,083",540,543
달서구,송현2동,30~34세,"1,235",688,547
달서구,송현2동,35~39세,930,515,415
달서구,송현2동,40~44세,"1,074",555,519
달서구,송현2동,45~49세,"1,126",571,555
달서구,송현2동,50~54세,"1,471",735,736
달서구,송현2동,55~59세,"1,692",771,921
달서구,송현2동,60~64세,"1,867",879,988
달서구,송현2동,65~69세,"1,851",837,"1,014"
달서구,송현2동,70~74세,"1,287",586,701
달서구,송현2동,75~79세,874,348,526
달서구,송현2동,80~84세,723,278,445
달서구,송현2동,85~89세,386,125,261
달서구,송현2동,90~94세,142,39,103
달서구,송현2동,95~99세,29,5,24
달서구,송현2동,100세이상,1,-,1
달서구,본동,0~4세,200,102,98
달서구,본동,5~9세,247,129,118
달서구,본동,10~14세,380,210,170
달서구,본동,15~19세,412,217,195
달서구,본동,20~24세,517,284,233
달서구,본동,25~29세,721,376,345
달서구,본동,30~34세,736,430,306
달서구,본동,35~39세,610,333,277
달서구,본동,40~44세,726,396,330
달서구,본동,45~49세,815,414,401
달서구,본동,50~54세,"1,047",550,497
달서구,본동,55~59세,"1,151",567,584
달서구,본동,60~64세,"1,222",571,651
달서구,본동,65~69세,"1,107",496,611
달서구,본동,70~74세,770,344,426
달서구,본동,75~79세,480,211,269
달서구,본동,80~84세,371,126,245
달서구,본동,85~89세,217,58,159
달서구,본동,90~94세,74,13,61
달서구,본동,95~99세,21,5,16
달서구,본동,100세이상,-,-,-
달성군,소계,0~4세,"8,908","4,484","4,424"
달성군,소계,5~9세,"13,719","6,978","6,741"
달성군,소계,10~14세,"14,808","7,624","7,184"
달성군,소계,15~19세,"11,792","6,127","5,665"
달성군,소계,20~24세,"10,575","5,867","4,708"
달성군,소계,25~29세,"13,255","7,454","5,801"
달성군,소계,30~34세,"16,579","8,905","7,674"
달성군,소계,35~39세,"18,319","9,738","8,581"
달성군,소계,40~44세,"23,300","11,980","11,320"
달성군,소계,45~49세,"21,131","10,983","10,148"
달성군,소계,50~54세,"21,124","10,902","10,222"
달성군,소계,55~59세,"20,723","10,102","10,621"
달성군,소계,60~64세,"20,365","10,137","10,228"
달성군,소계,65~69세,"16,599","8,135","8,464"
달성군,소계,70~74세,"10,513","5,055","5,458"
달성군,소계,75~79세,"7,055","3,259","3,796"
달성군,소계,80~84세,"4,880","1,818","3,062"
달성군,소계,85~89세,"2,744",833,"1,911"
달성군,소계,90~94세,985,199,786
달성군,소계,95~99세,183,29,154
달성군,소계,100세이상,23,4,19
달성군,화원읍,0~4세,969,483,486
달성군,화원읍,5~9세,"1,356",720,636
달성군,화원읍,10~14세,"1,777",922,855
달성군,화원읍,15~19세,"2,064","1,063","1,001"
달성군,화원읍,20~24세,"2,403","1,318","1,085"
달성군,화원읍,25~29세,"2,720","1,501","1,219"
달성군,화원읍,30~34세,"2,702","1,468","1,234"
달성군,화원읍,35~39세,"2,243","1,239","1,004"
달성군,화원읍,40~44세,"2,647","1,337","1,310"
달성군,화원읍,45~49세,"3,041","1,478","1,563"
달성군,화원읍,50~54세,"4,330","2,033","2,297"
달성군,화원읍,55~59세,"4,988","2,359","2,629"
달성군,화원읍,60~64세,"4,947","2,361","2,586"
달성군,화원읍,65~69세,"3,911","1,932","1,979"
달성군,화원읍,70~74세,"2,436","1,124","1,312"
달성군,화원읍,75~79세,"1,609",742,867
달성군,화원읍,80~84세,"1,158",448,710
달성군,화원읍,85~89세,550,197,353
달성군,화원읍,90~94세,208,45,163
달성군,화원읍,95~99세,30,8,22
달성군,화원읍,100세이상,1,-,1
달성군,논공읍,0~4세,289,145,144
달성군,논공읍,5~9세,401,197,204
달성군,논공읍,10~14세,537,278,259
달성군,논공읍,15~19세,606,317,289
달성군,논공읍,20~24세,695,420,275
달성군,논공읍,25~29세,786,504,282
달성군,논공읍,30~34세,792,485,307
달성군,논공읍,35~39세,708,396,312
달성군,논공읍,40~44세,951,518,433
달성군,논공읍,45~49세,"1,172",654,518
달성군,논공읍,50~54세,"1,735",985,750
달성군,논공읍,55~59세,"1,860","1,012",848
달성군,논공읍,60~64세,"1,710",968,742
달성군,논공읍,65~69세,"1,289",684,605
달성군,논공읍,70~74세,749,371,378
달성군,논공읍,75~79세,548,241,307
달성군,논공읍,80~84세,431,129,302
달성군,논공읍,85~89세,260,79,181
달성군,논공읍,90~94세,88,13,75
달성군,논공읍,95~99세,11,1,10
달성군,논공읍,100세이상,-,-,-
달성군,다사읍,0~4세,"3,595","1,845","1,750"
달성군,다사읍,5~9세,"5,688","2,861","2,827"
달성군,다사읍,10~14세,"6,279","3,216","3,063"
달성군,다사읍,15~19세,"4,687","2,446","2,241"
달성군,다사읍,20~24세,"3,918","2,137","1,781"
달성군,다사읍,25~29세,"4,397","2,267","2,130"
달성군,다사읍,30~34세,"5,946","3,023","2,923"
달성군,다사읍,35~39세,"7,002","3,595","3,407"
달성군,다사읍,40~44세,"9,406","4,705","4,701"
달성군,다사읍,45~49세,"8,333","4,247","4,086"
달성군,다사읍,50~54세,"7,492","3,799","3,693"
달성군,다사읍,55~59세,"6,706","3,138","3,568"
달성군,다사읍,60~64세,"6,066","2,926","3,140"
달성군,다사읍,65~69세,"4,491","2,132","2,359"
달성군,다사읍,70~74세,"2,848","1,352","1,496"
달성군,다사읍,75~79세,"1,808",837,971
달성군,다사읍,80~84세,"1,134",461,673
달성군,다사읍,85~89세,521,171,350
달성군,다사읍,90~94세,171,31,140
달성군,다사읍,95~99세,39,2,37
달성군,다사읍,100세이상,10,-,10
달성군,유가읍,0~4세,"1,474",721,753
달성군,유가읍,5~9세,"2,598","1,320","1,278"
달성군,유가읍,10~14세,"2,726","1,430","1,296"
달성군,유가읍,15~19세,"1,904",983,921
달성군,유가읍,20~24세,"1,141",634,507
달성군,유가읍,25~29세,"1,266",704,562
달성군,유가읍,30~34세,"2,013","1,052",961
달성군,유가읍,35~39세,"2,824","1,436","1,388"
달성군,유가읍,40~44세,"3,889","1,901","1,988"
달성군,유가읍,45~49세,"3,207","1,643","1,564"
달성군,유가읍,50~54세,"2,291","1,253","1,038"
달성군,유가읍,55~59세,"1,608",802,806
달성군,유가읍,60~64세,"1,389",669,720
달성군,유가읍,65~69세,"1,152",540,612
달성군,유가읍,70~74세,707,354,353
달성군,유가읍,75~79세,422,205,217
달성군,유가읍,80~84세,279,105,174
달성군,유가읍,85~89세,176,53,123
달성군,유가읍,90~94세,55,8,47
달성군,유가읍,95~99세,13,5,8
달성군,유가읍,100세이상,-,-,-
달성군,옥포읍,0~4세,703,374,329
달성군,옥포읍,5~9세,"1,130",590,540
달성군,옥포읍,10~14세,"1,059",545,514
달성군,옥포읍,15~19세,846,438,408
달성군,옥포읍,20~24세,727,384,343
달성군,옥포읍,25~29세,985,529,456
달성군,옥포읍,30~34세,"1,279",681,598
달성군,옥포읍,35~39세,"1,509",781,728
달성군,옥포읍,40~44세,"1,992","1,067",925
달성군,옥포읍,45~49세,"1,592",853,739
달성군,옥포읍,50~54세,"1,782",924,858
달성군,옥포읍,55~59세,"1,977",927,"1,050"
달성군,옥포읍,60~64세,"2,288","1,150","1,138"
달성군,옥포읍,65~69세,"2,017",985,"1,032"
달성군,옥포읍,70~74세,"1,319",652,667
달성군,옥포읍,75~79세,876,408,468
달성군,옥포읍,80~84세,585,229,356
달성군,옥포읍,85~89세,300,77,223
달성군,옥포읍,90~94세,95,21,74
달성군,옥포읍,95~99세,25,4,21
달성군,옥포읍,100세이상,2,-,2
달성군,현풍읍,0~4세,639,303,336
달성군,현풍읍,5~9세,"1,063",547,516
달성군,현풍읍,10~14세,"1,022",514,508
달성군,현풍읍,15~19세,842,444,398
달성군,현풍읍,20~24세,875,508,367
달성군,현풍읍,25~29세,"1,757","1,142",615
달성군,현풍읍,30~34세,"1,827","1,068",759
달성군,현풍읍,35~39세,"1,717",998,719
달성군,현풍읍,40~44세,"1,903","1,058",845
달성군,현풍읍,45~49세,"1,692",929,763
달성군,현풍읍,50~54세,"1,486",791,695
달성군,현풍읍,55~59세,"1,497",779,718
달성군,현풍읍,60~64세,"1,551",781,770
달성군,현풍읍,65~69세,"1,469",709,760
달성군,현풍읍,70~74세,907,419,488
달성군,현풍읍,75~79세,666,271,395
달성군,현풍읍,80~84세,439,148,291
달성군,현풍읍,85~89세,293,74,219
달성군,현풍읍,90~94세,95,24,71
달성군,현풍읍,95~99세,17,5,12
달성군,현풍읍,100세이상,2,-,2
달성군,가창면,0~4세,79,38,41
달성군,가창면,5~9세,141,72,69
달성군,가창면,10~14세,260,137,123
달성군,가창면,15~19세,210,117,93
달성군,가창면,20~24세,227,132,95
달성군,가창면,25~29세,226,137,89
달성군,가창면,30~34세,202,116,86
달성군,가창면,35~39세,219,105,114
달성군,가창면,40~44세,329,165,164
달성군,가창면,45~49세,395,207,188
달성군,가창면,50~54세,517,287,230
달성군,가창면,55~59세,610,322,288
달성군,가창면,60~64세,754,382,372
달성군,가창면,65~69세,906,453,453
달성군,가창면,70~74세,661,325,336
달성군,가창면,75~79세,515,257,258
달성군,가창면,80~84세,363,136,227
달성군,가창면,85~89세,262,78,184
달성군,가창면,90~94세,129,25,104
달성군,가창면,95~99세,34,3,31
달성군,가창면,100세이상,5,2,3
달성군,하빈면,0~4세,19,7,12
달성군,하빈면,5~9세,28,14,14
달성군,하빈면,10~14세,55,35,20
달성군,하빈면,15~19세,53,26,27
달성군,하빈면,20~24세,67,36,31
달성군,하빈면,25~29세,89,61,28
달성군,하빈면,30~34세,111,73,38
달성군,하빈면,35~39세,93,52,41
달성군,하빈면,40~44세,104,67,37
달성군,하빈면,45~49세,138,89,49
달성군,하빈면,50~54세,214,131,83
달성군,하빈면,55~59세,390,226,164
달성군,하빈면,60~64세,530,323,207
달성군,하빈면,65~69세,454,261,193
달성군,하빈면,70~74세,297,162,135
달성군,하빈면,75~79세,216,108,108
달성군,하빈면,80~84세,204,63,141
달성군,하빈면,85~89세,148,44,104
달성군,하빈면,90~94세,71,13,58
달성군,하빈면,95~99세,7,1,6
달성군,하빈면,100세이상,1,1,-
달성군,구지면,0~4세,"1,141",568,573
달성군,구지면,5~9세,"1,314",657,657
달성군,구지면,10~14세,"1,093",547,546
달성군,구지면,15~19세,580,293,287
달성군,구지면,20~24세,522,298,224
달성군,구지면,25~29세,"1,029",609,420
달성군,구지면,30~34세,"1,707",939,768
달성군,구지면,35~39세,"2,004","1,136",868
달성군,구지면,40~44세,"2,079","1,162",917
달성군,구지면,45~49세,"1,561",883,678
달성군,구지면,50~54세,"1,277",699,578
달성군,구지면,55~59세,"1,087",537,550
달성군,구지면,60~64세,"1,130",577,553
달성군,구지면,65~69세,910,439,471
달성군,구지면,70~74세,589,296,293
달성군,구지면,75~79세,395,190,205
달성군,구지면,80~84세,287,99,188
달성군,구지면,85~89세,234,60,174
달성군,구지면,90~94세,73,19,54
달성군,구지면,95~99세,7,-,7
달성군,구지면,100세이상,2,1,1
군위군,소계,0~4세,232,132,100
군위군,소계,5~9세,246,133,113
군위군,소계,10~14세,401,222,179
군위군,소계,15~19세,451,252,199
군위군,소계,20~24세,412,252,160
군위군,소계,25~29세,537,321,216
군위군,소계,30~34세,579,355,224
군위군,소계,35~39세,586,329,257
군위군,소계,40~44세,707,386,321
군위군,소계,45~49세,961,567,394
군위군,소계,50~54세,"1,402",804,598
군위군,소계,55~59세,"2,317","1,330",987
군위군,소계,60~64세,"3,003","1,645","1,358"
군위군,소계,65~69세,"3,153","1,715","1,438"
군위군,소계,70~74세,"2,354","1,184","1,170"
군위군,소계,75~79세,"1,814",883,931
군위군,소계,80~84세,"1,685",646,"1,039"
군위군,소계,85~89세,"1,154",354,800
군위군,소계,90~94세,403,88,315
군위군,소계,95~99세,63,15,48
군위군,소계,100세이상,3,-,3
군위군,군위읍,0~4세,113,63,50
군위군,군위읍,5~9세,158,87,71
군위군,군위읍,10~14세,276,148,128
군위군,군위읍,15~19세,288,176,112
군위군,군위읍,20~24세,226,140,86
군위군,군위읍,25~29세,299,164,135
군위군,군위읍,30~34세,267,157,110
군위군,군위읍,35~39세,280,159,121
군위군,군위읍,40~44세,365,180,185
군위군,군위읍,45~49세,516,277,239
군위군,군위읍,50~54세,611,335,276
군위군,군위읍,55~59세,817,455,362
군위군,군위읍,60~64세,865,465,400
군위군,군위읍,65~69세,822,434,388
군위군,군위읍,70~74세,606,290,316
군위군,군위읍,75~79세,487,240,247
군위군,군위읍,80~84세,423,164,259
군위군,군위읍,85~89세,271,87,184
군위군,군위읍,90~94세,87,17,70
군위군,군위읍,95~99세,25,7,18
군위군,군위읍,100세이상,1,-,1
군위군,소보면,0~4세,18,13,5
군위군,소보면,5~9세,9,5,4
군위군,소보면,10~14세,14,6,8
군위군,소보면,15~19세,20,8,12
군위군,소보면,20~24세,28,18,10
군위군,소보면,25~29세,38,27,11
군위군,소보면,30~34세,50,28,22
군위군,소보면,35~39세,47,26,21
군위군,소보면,40~44세,69,40,29
군위군,소보면,45~49세,70,46,24
군위군,소보면,50~54세,118,69,49
군위군,소보면,55~59세,225,141,84
군위군,소보면,60~64세,333,189,144
군위군,소보면,65~69세,322,179,143
군위군,소보면,70~74세,279,145,134
군위군,소보면,75~79세,198,103,95
군위군,소보면,80~84세,202,83,119
군위군,소보면,85~89세,154,50,104
군위군,소보면,90~94세,58,16,42
군위군,소보면,95~99세,11,3,8
군위군,소보면,100세이상,1,-,1
군위군,효령면,0~4세,30,18,12
군위군,효령면,5~9세,34,17,17
군위군,효령면,10~14세,37,21,16
군위군,효령면,15~19세,48,23,25
군위군,효령면,20~24세,64,39,25
군위군,효령면,25~29세,75,48,27
군위군,효령면,30~34세,97,63,34
군위군,효령면,35~39세,86,43,43
군위군,효령면,40~44세,84,47,37
군위군,효령면,45~49세,118,76,42
군위군,효령면,50~54세,224,142,82
군위군,효령면,55~59세,379,215,164
군위군,효령면,60~64세,523,289,234
군위군,효령면,65~69세,586,317,269
군위군,효령면,70~74세,432,230,202
군위군,효령면,75~79세,292,140,152
군위군,효령면,80~84세,288,107,181
군위군,효령면,85~89세,191,58,133
군위군,효령면,90~94세,68,12,56
군위군,효령면,95~99세,1,-,1
군위군,효령면,100세이상,-,-,-
군위군,부계면,0~4세,21,12,9
군위군,부계면,5~9세,18,10,8
군위군,부계면,10~14세,23,18,5
군위군,부계면,15~19세,26,19,7
군위군,부계면,20~24세,24,14,10
군위군,부계면,25~29세,41,25,16
군위군,부계면,30~34세,62,46,16
군위군,부계면,35~39세,51,26,25
군위군,부계면,40~44세,45,28,17
군위군,부계면,45~49세,58,36,22
군위군,부계면,50~54세,128,71,57
군위군,부계면,55~59세,246,131,115
군위군,부계면,60~64세,322,183,139
군위군,부계면,65~69세,301,154,147
군위군,부계면,70~74세,219,116,103
군위군,부계면,75~79세,170,82,88
군위군,부계면,80~84세,164,60,104
군위군,부계면,85~89세,110,35,75
군위군,부계면,90~94세,39,11,28
군위군,부계면,95~99세,8,1,7
군위군,부계면,100세이상,-,-,-
군위군,우보면,0~4세,16,7,9
군위군,우보면,5~9세,4,1,3
군위군,우보면,10~14세,10,5,5
군위군,우보면,15~19세,16,5,11
군위군,우보면,20~24세,22,11,11
군위군,우보면,25~29세,38,27,11
군위군,우보면,30~34세,29,14,15
군위군,우보면,35~39세,32,21,11
군위군,우보면,40~44세,42,30,12
군위군,우보면,45~49세,59,41,18
군위군,우보면,50~54세,97,58,39
군위군,우보면,55~59세,185,110,75
군위군,우보면,60~64세,280,140,140
군위군,우보면,65~69세,301,181,120
군위군,우보면,70~74세,228,111,117
군위군,우보면,75~79세,186,93,93
군위군,우보면,80~84세,180,68,112
군위군,우보면,85~89세,136,39,97
군위군,우보면,90~94세,51,11,40
군위군,우보면,95~99세,4,1,3
군위군,우보면,100세이상,1,-,1
군위군,의흥면,0~4세,15,7,8
군위군,의흥면,5~9세,12,4,8
군위군,의흥면,10~14세,24,11,13
군위군,의흥면,15~19세,35,14,21
군위군,의흥면,20~24세,30,20,10
군위군,의흥면,25~29세,23,14,9
군위군,의흥면,30~34세,41,22,19
군위군,의흥면,35~39세,40,21,19
군위군,의흥면,40~44세,57,34,23
군위군,의흥면,45~49세,71,41,30
군위군,의흥면,50~54세,110,71,39
군위군,의흥면,55~59세,209,122,87
군위군,의흥면,60~64세,303,163,140
군위군,의흥면,65~69세,372,187,185
군위군,의흥면,70~74세,281,129,152
군위군,의흥면,75~79세,230,109,121
군위군,의흥면,80~84세,195,74,121
군위군,의흥면,85~89세,157,51,106
군위군,의흥면,90~94세,45,12,33
군위군,의흥면,95~99세,7,3,4
군위군,의흥면,100세이상,-,-,-
군위군,산성면,0~4세,16,10,6
군위군,산성면,5~9세,7,5,2
군위군,산성면,10~14세,9,7,2
군위군,산성면,15~19세,13,4,9
군위군,산성면,20~24세,11,6,5
군위군,산성면,25~29세,7,5,2
군위군,산성면,30~34세,16,14,2
군위군,산성면,35~39세,27,16,11
군위군,산성면,40~44세,17,10,7
군위군,산성면,45~49세,27,19,8
군위군,산성면,50~54세,61,36,25
군위군,산성면,55~59세,133,81,52
군위군,산성면,60~64세,168,95,73
군위군,산성면,65~69세,198,115,83
군위군,산성면,70~74세,144,70,74
군위군,산성면,75~79세,119,54,65
군위군,산성면,80~84세,111,42,69
군위군,산성면,85~89세,80,16,64
군위군,산성면,90~94세,27,6,21
군위군,산성면,95~99세,3,-,3
군위군,산성면,100세이상,-,-,-
군위군,삼국유사면,0~4세,3,2,1
군위군,삼국유사면,5~9세,4,4,-
군위군,삼국유사면,10~14세,8,6,2
군위군,삼국유사면,15~19세,5,3,2
군위군,삼국유사면,20~24세,7,4,3
군위군,삼국유사면,25~29세,16,11,5
군위군,삼국유사면,30~34세,17,11,6
군위군,삼국유사면,35~39세,23,17,6
군위군,삼국유사면,40~44세,28,17,11
군위군,삼국유사면,45~49세,42,31,11
군위군,삼국유사면,50~54세,53,22,31
군위군,삼국유사면,55~59세,123,75,48
군위군,삼국유사면,60~64세,209,121,88
군위군,삼국유사면,65~69세,251,148,103
군위군,삼국유사면,70~74세,165,93,72
군위군,삼국유사면,75~79세,132,62,70
군위군,삼국유사면,80~84세,122,48,74
군위군,삼국유사면,85~89세,55,18,37
군위군,삼국유사면,90~94세,28,3,25
군위군,삼국유사면,95~99세,4,-,4
군위군,삼국유사면,100세이상,-,-,-
