구군,기간시작,기간종료,합계강수량,행정동
군위군,2016-06-18,2016-07-16,194.8467183515466,군위읍
군위군,2016-06-18,2016-07-16,194.8467183515466,소보면
군위군,2016-06-18,2016-07-16,194.8467183515466,효령면
군위군,2016-06-18,2016-07-16,194.8467183515466,부계면
군위군,2016-06-18,2016-07-16,194.8467183515466,우보면
군위군,2016-06-18,2016-07-16,194.8467183515466,의흥면
군위군,2016-06-18,2016-07-16,194.8467183515466,산성면
군위군,2016-06-18,2016-07-16,194.8467183515466,삼국유사면
남구,2016-06-18,2016-07-16,201.39435880330956,이천동
남구,2016-06-18,2016-07-16,201.39435880330956,봉덕1동
남구,2016-06-18,2016-07-16,201.39435880330956,봉덕2동
남구,2016-06-18,2016-07-16,201.39435880330956,봉덕3동
남구,2016-06-18,2016-07-16,201.39435880330956,대명1동
남구,2016-06-18,2016-07-16,201.39435880330956,대명2동
남구,2016-06-18,2016-07-16,201.39435880330956,대명3동
남구,2016-06-18,2016-07-16,201.39435880330956,대명4동
남구,2016-06-18,2016-07-16,201.39435880330956,대명5동
남구,2016-06-18,2016-07-16,201.39435880330956,대명6동
남구,2016-06-18,2016-07-16,201.39435880330956,대명9동
남구,2016-06-18,2016-07-16,201.39435880330956,대명10동
남구,2016-06-18,2016-07-16,201.39435880330956,대명11동
달서구,2016-06-18,2016-07-16,227.9257778394174,두류3동
달서구,2016-06-18,2016-07-16,227.9257778394174,본리동
달서구,2016-06-18,2016-07-16,227.9257778394174,감삼동
달서구,2016-06-18,2016-07-16,227.9257778394174,죽전동
달서구,2016-06-18,2016-07-16,227.9257778394174,장기동
달서구,2016-06-18,2016-07-16,227.9257778394174,이곡1동
달서구,2016-06-18,2016-07-16,227.9257778394174,신당동
달서구,2016-06-18,2016-07-16,227.9257778394174,월성2동
달서구,2016-06-18,2016-07-16,227.9257778394174,상인1동
달서구,2016-06-18,2016-07-16,227.9257778394174,상인2동
달서구,2016-06-18,2016-07-16,227.9257778394174,상인3동
달서구,2016-06-18,2016-07-16,227.9257778394174,도원동
달서구,2016-06-18,2016-07-16,227.9257778394174,송현1동
달서구,2016-06-18,2016-07-16,227.9257778394174,송현2동
달서구,2016-06-18,2016-07-16,227.9257778394174,본동
달서구,2016-06-18,2016-07-16,227.9257778394174,용산1동
달서구,2016-06-18,2016-07-16,227.9257778394174,용산2동
달서구,2016-06-18,2016-07-16,227.9257778394174,이곡2동
달서구,2016-06-18,2016-07-16,227.9257778394174,성당동
달서구,2016-06-18,2016-07-16,227.9257778394174,두류1·2동
달서구,2016-06-18,2016-07-16,227.9257778394174,월성1동
달서구,2016-06-18,2016-07-16,227.9257778394174,진천동
달서구,2016-06-18,2016-07-16,227.9257778394174,유천동
달성군,2016-06-18,2016-07-16,194.52601940319784,화원읍
달성군,2016-06-18,2016-07-16,194.52601940319784,논공읍
달성군,2016-06-18,2016-07-16,194.52601940319784,다사읍
달성군,2016-06-18,2016-07-16,194.52601940319784,유가읍
달성군,2016-06-18,2016-07-16,194.52601940319784,옥포읍
달성군,2016-06-18,2016-07-16,194.52601940319784,현풍읍
달성군,2016-06-18,2016-07-16,194.52601940319784,가창면
달성군,2016-06-18,2016-07-16,194.52601940319784,하빈면
달성군,2016-06-18,2016-07-16,194.52601940319784,구지면
동구,2016-06-18,2016-07-16,196.4885685492763,신암1동
동구,2016-06-18,2016-07-16,196.4885685492763,신암2동
동구,2016-06-18,2016-07-16,196.4885685492763,신암3동
동구,2016-06-18,2016-07-16,196.4885685492763,신암4동
동구,2016-06-18,2016-07-16,196.4885685492763,신암5동
동구,2016-06-18,2016-07-16,196.4885685492763,신천1·2동
동구,2016-06-18,2016-07-16,196.4885685492763,신천3동
동구,2016-06-18,2016-07-16,196.4885685492763,신천4동
동구,2016-06-18,2016-07-16,196.4885685492763,효목1동
동구,2016-06-18,2016-07-16,196.4885685492763,효목2동
동구,2016-06-18,2016-07-16,196.4885685492763,도평동
동구,2016-06-18,2016-07-16,196.4885685492763,불로·봉무동
동구,2016-06-18,2016-07-16,196.4885685492763,지저동
동구,2016-06-18,2016-07-16,196.4885685492763,동촌동
동구,2016-06-18,2016-07-16,196.4885685492763,방촌동
동구,2016-06-18,2016-07-16,196.4885685492763,해안동
동구,2016-06-18,2016-07-16,196.4885685492763,공산동
동구,2016-06-18,2016-07-16,196.4885685492763,안심1동
동구,2016-06-18,2016-07-16,196.4885685492763,안심2동
동구,2016-06-18,2016-07-16,196.4885685492763,안심3동
동구,2016-06-18,2016-07-16,196.4885685492763,안심4동
동구,2016-06-18,2016-07-16,196.4885685492763,혁신동
북구,2016-06-18,2016-07-16,176.8506734034643,고성동
북구,2016-06-18,2016-07-16,176.8506734034643,칠성동
북구,2016-06-18,2016-07-16,176.8506734034643,침산1동
북구,2016-06-18,2016-07-16,176.8506734034643,침산2동
북구,2016-06-18,2016-07-16,176.8506734034643,침산3동
북구,2016-06-18,2016-07-16,176.8506734034643,산격1동
북구,2016-06-18,2016-07-16,176.8506734034643,산격2동
북구,2016-06-18,2016-07-16,176.8506734034643,산격3동
북구,2016-06-18,2016-07-16,176.8506734034643,산격4동
북구,2016-06-18,2016-07-16,176.8506734034643,복현1동
북구,2016-06-18,2016-07-16,176.8506734034643,복현2동
북구,2016-06-18,2016-07-16,176.8506734034643,검단동
북구,2016-06-18,2016-07-16,176.8506734034643,무태조야동
북구,2016-06-18,2016-07-16,176.8506734034643,태전2동
북구,2016-06-18,2016-07-16,176.8506734034643,관문동
북구,2016-06-18,2016-07-16,176.8506734034643,읍내동
북구,2016-06-18,2016-07-16,176.8506734034643,관음동
북구,2016-06-18,2016-07-16,176.8506734034643,태전1동
북구,2016-06-18,2016-07-16,176.8506734034643,구암동
북구,2016-06-18,2016-07-16,176.8506734034643,노원동
북구,2016-06-18,2016-07-16,176.8506734034643,동천동
북구,2016-06-18,2016-07-16,176.8506734034643,국우동
북구,2016-06-18,2016-07-16,176.8506734034643,대현동
서구,2016-06-18,2016-07-16,202.83318239854,내당1동
서구,2016-06-18,2016-07-16,202.83318239854,내당2·3동
서구,2016-06-18,2016-07-16,202.83318239854,내당4동
서구,2016-06-18,2016-07-16,202.83318239854,비산1동
서구,2016-06-18,2016-07-16,202.83318239854,비산2·3동
서구,2016-06-18,2016-07-16,202.83318239854,비산4동
서구,2016-06-18,2016-07-16,202.83318239854,비산5동
서구,2016-06-18,2016-07-16,202.83318239854,비산6동
서구,2016-06-18,2016-07-16,202.83318239854,비산7동
서구,2016-06-18,2016-07-16,202.83318239854,평리1동
서구,2016-06-18,2016-07-16,202.83318239854,평리2동
서구,2016-06-18,2016-07-16,202.83318239854,평리3동
서구,2016-06-18,2016-07-16,202.83318239854,평리4동
서구,2016-06-18,2016-07-16,202.83318239854,평리5동
서구,2016-06-18,2016-07-16,202.83318239854,평리6동
서구,2016-06-18,2016-07-16,202.83318239854,상중이동
서구,2016-06-18,2016-07-16,202.83318239854,원대동
수성구,2016-06-18,2016-07-16,196.09182942030927,범어1동
수성구,2016-06-18,2016-07-16,196.09182942030927,범어2동
수성구,2016-06-18,2016-07-16,196.09182942030927,범어3동
수성구,2016-06-18,2016-07-16,196.09182942030927,범어4동
수성구,2016-06-18,2016-07-16,196.09182942030927,만촌1동
수성구,2016-06-18,2016-07-16,196.09182942030927,만촌2동
수성구,2016-06-18,2016-07-16,196.09182942030927,만촌3동
수성구,2016-06-18,2016-07-16,196.09182942030927,수성1가동
수성구,2016-06-18,2016-07-16,196.09182942030927,수성2·3가동
수성구,2016-06-18,2016-07-16,196.09182942030927,수성4가동
수성구,2016-06-18,2016-07-16,196.09182942030927,황금1동
수성구,2016-06-18,2016-07-16,196.09182942030927,황금2동
수성구,2016-06-18,2016-07-16,196.09182942030927,중동
수성구,2016-06-18,2016-07-16,196.09182942030927,상동
수성구,2016-06-18,2016-07-16,196.09182942030927,파동
수성구,2016-06-18,2016-07-16,196.09182942030927,두산동
수성구,2016-06-18,2016-07-16,196.09182942030927,지산1동
수성구,2016-06-18,2016-07-16,196.09182942030927,지산2동
수성구,2016-06-18,2016-07-16,196.09182942030927,범물1동
수성구,2016-06-18,2016-07-16,196.09182942030927,범물2동
수성구,2016-06-18,2016-07-16,196.09182942030927,고산1동
수성구,2016-06-18,2016-07-16,196.09182942030927,고산2동
수성구,2016-06-18,2016-07-16,196.09182942030927,고산3동
중구,2016-06-18,2016-07-16,194.01704222955212,삼덕동
중구,2016-06-18,2016-07-16,194.01704222955212,성내1동
중구,2016-06-18,2016-07-16,194.01704222955212,성내2동
중구,2016-06-18,2016-07-16,194.01704222955212,성내3동
중구,2016-06-18,2016-07-16,194.01704222955212,대신동
중구,2016-06-18,2016-07-16,194.01704222955212,남산1동
중구,2016-06-18,2016-07-16,194.01704222955212,남산2동
중구,2016-06-18,2016-07-16,194.01704222955212,남산3동
중구,2016-06-18,2016-07-16,194.01704222955212,남산4동
중구,2016-06-18,2016-07-16,194.01704222955212,대봉1동
중구,2016-06-18,2016-07-16,194.01704222955212,대봉2동
중구,2016-06-18,2016-07-16,194.01704222955212,동인동
군위군,2017-06-29,2017-07-29,78.2374198799652,군위읍
군위군,2017-06-29,2017-07-29,78.2374198799652,소보면
군위군,2017-06-29,2017-07-29,78.2374198799652,효령면
군위군,2017-06-29,2017-07-29,78.2374198799652,부계면
군위군,2017-06-29,2017-07-29,78.2374198799652,우보면
군위군,2017-06-29,2017-07-29,78.2374198799652,의흥면
군위군,2017-06-29,2017-07-29,78.2374198799652,산성면
군위군,2017-06-29,2017-07-29,78.2374198799652,삼국유사면
남구,2017-06-29,2017-07-29,79.36084800533379,이천동
남구,2017-06-29,2017-07-29,79.36084800533379,봉덕1동
남구,2017-06-29,2017-07-29,79.36084800533379,봉덕2동
남구,2017-06-29,2017-07-29,79.36084800533379,봉덕3동
남구,2017-06-29,2017-07-29,79.36084800533379,대명1동
남구,2017-06-29,2017-07-29,79.36084800533379,대명2동
남구,2017-06-29,2017-07-29,79.36084800533379,대명3동
남구,2017-06-29,2017-07-29,79.36084800533379,대명4동
남구,2017-06-29,2017-07-29,79.36084800533379,대명5동
남구,2017-06-29,2017-07-29,79.36084800533379,대명6동
남구,2017-06-29,2017-07-29,79.36084800533379,대명9동
남구,2017-06-29,2017-07-29,79.36084800533379,대명10동
남구,2017-06-29,2017-07-29,79.36084800533379,대명11동
달서구,2017-06-29,2017-07-29,86.53166216043444,두류3동
달서구,2017-06-29,2017-07-29,86.53166216043444,본리동
달서구,2017-06-29,2017-07-29,86.53166216043444,감삼동
달서구,2017-06-29,2017-07-29,86.53166216043444,죽전동
달서구,2017-06-29,2017-07-29,86.53166216043444,장기동
달서구,2017-06-29,2017-07-29,86.53166216043444,이곡1동
달서구,2017-06-29,2017-07-29,86.53166216043444,신당동
달서구,2017-06-29,2017-07-29,86.53166216043444,월성2동
달서구,2017-06-29,2017-07-29,86.53166216043444,상인1동
달서구,2017-06-29,2017-07-29,86.53166216043444,상인2동
달서구,2017-06-29,2017-07-29,86.53166216043444,상인3동
달서구,2017-06-29,2017-07-29,86.53166216043444,도원동
달서구,2017-06-29,2017-07-29,86.53166216043444,송현1동
달서구,2017-06-29,2017-07-29,86.53166216043444,송현2동
달서구,2017-06-29,2017-07-29,86.53166216043444,본동
달서구,2017-06-29,2017-07-29,86.53166216043444,용산1동
달서구,2017-06-29,2017-07-29,86.53166216043444,용산2동
달서구,2017-06-29,2017-07-29,86.53166216043444,이곡2동
달서구,2017-06-29,2017-07-29,86.53166216043444,성당동
달서구,2017-06-29,2017-07-29,86.53166216043444,두류1·2동
달서구,2017-06-29,2017-07-29,86.53166216043444,월성1동
달서구,2017-06-29,2017-07-29,86.53166216043444,진천동
달서구,2017-06-29,2017-07-29,86.53166216043444,유천동
달성군,2017-06-29,2017-07-29,75.660646675435,화원읍
달성군,2017-06-29,2017-07-29,75.660646675435,논공읍
달성군,2017-06-29,2017-07-29,75.660646675435,다사읍
달성군,2017-06-29,2017-07-29,75.660646675435,유가읍
달성군,2017-06-29,2017-07-29,75.660646675435,옥포읍
달성군,2017-06-29,2017-07-29,75.660646675435,현풍읍
달성군,2017-06-29,2017-07-29,75.660646675435,가창면
달성군,2017-06-29,2017-07-29,75.660646675435,하빈면
달성군,2017-06-29,2017-07-29,75.660646675435,구지면
동구,2017-06-29,2017-07-29,75.05275221742666,신암1동
동구,2017-06-29,2017-07-29,75.05275221742666,신암2동
동구,2017-06-29,2017-07-29,75.05275221742666,신암3동
동구,2017-06-29,2017-07-29,75.05275221742666,신암4동
동구,2017-06-29,2017-07-29,75.05275221742666,신암5동
동구,2017-06-29,2017-07-29,75.05275221742666,신천1·2동
동구,2017-06-29,2017-07-29,75.05275221742666,신천3동
동구,2017-06-29,2017-07-29,75.05275221742666,신천4동
동구,2017-06-29,2017-07-29,75.05275221742666,효목1동
동구,2017-06-29,2017-07-29,75.05275221742666,효목2동
동구,2017-06-29,2017-07-29,75.05275221742666,도평동
동구,2017-06-29,2017-07-29,75.05275221742666,불로·봉무동
동구,2017-06-29,2017-07-29,75.05275221742666,지저동
동구,2017-06-29,2017-07-29,75.05275221742666,동촌동
동구,2017-06-29,2017-07-29,75.05275221742666,방촌동
동구,2017-06-29,2017-07-29,75.05275221742666,해안동
동구,2017-06-29,2017-07-29,75.05275221742666,공산동
동구,2017-06-29,2017-07-29,75.05275221742666,안심1동
동구,2017-06-29,2017-07-29,75.05275221742666,안심2동
동구,2017-06-29,2017-07-29,75.05275221742666,안심3동
동구,2017-06-29,2017-07-29,75.05275221742666,안심4동
동구,2017-06-29,2017-07-29,75.05275221742666,혁신동
북구,2017-06-29,2017-07-29,78.30880067338583,고성동
북구,2017-06-29,2017-07-29,78.30880067338583,칠성동
북구,2017-06-29,2017-07-29,78.30880067338583,침산1동
북구,2017-06-29,2017-07-29,78.30880067338583,침산2동
북구,2017-06-29,2017-07-29,78.30880067338583,침산3동
북구,2017-06-29,2017-07-29,78.30880067338583,산격1동
북구,2017-06-29,2017-07-29,78.30880067338583,산격2동
북구,2017-06-29,2017-07-29,78.30880067338583,산격3동
북구,2017-06-29,2017-07-29,78.30880067338583,산격4동
북구,2017-06-29,2017-07-29,78.30880067338583,복현1동
북구,2017-06-29,2017-07-29,78.30880067338583,복현2동
북구,2017-06-29,2017-07-29,78.30880067338583,검단동
북구,2017-06-29,2017-07-29,78.30880067338583,무태조야동
북구,2017-06-29,2017-07-29,78.30880067338583,태전2동
북구,2017-06-29,2017-07-29,78.30880067338583,관문동
북구,2017-06-29,2017-07-29,78.30880067338583,읍내동
북구,2017-06-29,2017-07-29,78.30880067338583,관음동
북구,2017-06-29,2017-07-29,78.30880067338583,태전1동
북구,2017-06-29,2017-07-29,78.30880067338583,구암동
북구,2017-06-29,2017-07-29,78.30880067338583,노원동
북구,2017-06-29,2017-07-29,78.30880067338583,동천동
북구,2017-06-29,2017-07-29,78.30880067338583,국우동
북구,2017-06-29,2017-07-29,78.30880067338583,대현동
서구,2017-06-29,2017-07-29,81.51713426005676,내당1동
서구,2017-06-29,2017-07-29,81.51713426005676,내당2·3동
서구,2017-06-29,2017-07-29,81.51713426005676,내당4동
서구,2017-06-29,2017-07-29,81.51713426005676,비산1동
서구,2017-06-29,2017-07-29,81.51713426005676,비산2·3동
서구,2017-06-29,2017-07-29,81.51713426005676,비산4동
서구,2017-06-29,2017-07-29,81.51713426005676,비산5동
서구,2017-06-29,2017-07-29,81.51713426005676,비산6동
서구,2017-06-29,2017-07-29,81.51713426005676,비산7동
서구,2017-06-29,2017-07-29,81.51713426005676,평리1동
서구,2017-06-29,2017-07-29,81.51713426005676,평리2동
서구,2017-06-29,2017-07-29,81.51713426005676,평리3동
서구,2017-06-29,2017-07-29,81.51713426005676,평리4동
서구,2017-06-29,2017-07-29,81.51713426005676,평리5동
서구,2017-06-29,2017-07-29,81.51713426005676,평리6동
서구,2017-06-29,2017-07-29,81.51713426005676,상중이동
서구,2017-06-29,2017-07-29,81.51713426005676,원대동
수성구,2017-06-29,2017-07-29,75.97177862517609,범어1동
수성구,2017-06-29,2017-07-29,75.97177862517609,범어2동
수성구,2017-06-29,2017-07-29,75.97177862517609,범어3동
수성구,2017-06-29,2017-07-29,75.97177862517609,범어4동
수성구,2017-06-29,2017-07-29,75.97177862517609,만촌1동
수성구,2017-06-29,2017-07-29,75.97177862517609,만촌2동
수성구,2017-06-29,2017-07-29,75.97177862517609,만촌3동
수성구,2017-06-29,2017-07-29,75.97177862517609,수성1가동
수성구,2017-06-29,2017-07-29,75.97177862517609,수성2·3가동
수성구,2017-06-29,2017-07-29,75.97177862517609,수성4가동
수성구,2017-06-29,2017-07-29,75.97177862517609,황금1동
수성구,2017-06-29,2017-07-29,75.97177862517609,황금2동
수성구,2017-06-29,2017-07-29,75.97177862517609,중동
수성구,2017-06-29,2017-07-29,75.97177862517609,상동
수성구,2017-06-29,2017-07-29,75.97177862517609,파동
수성구,2017-06-29,2017-07-29,75.97177862517609,두산동
수성구,2017-06-29,2017-07-29,75.97177862517609,지산1동
수성구,2017-06-29,2017-07-29,75.97177862517609,지산2동
수성구,2017-06-29,2017-07-29,75.97177862517609,범물1동
수성구,2017-06-29,2017-07-29,75.97177862517609,범물2동
수성구,2017-06-29,2017-07-29,75.97177862517609,고산1동
수성구,2017-06-29,2017-07-29,75.97177862517609,고산2동
수성구,2017-06-29,2017-07-29,75.97177862517609,고산3동
중구,2017-06-29,2017-07-29,76.75294529258713,삼덕동
중구,2017-06-29,2017-07-29,76.75294529258713,성내1동
중구,2017-06-29,2017-07-29,76.75294529258713,성내2동
중구,2017-06-29,2017-07-29,76.75294529258713,성내3동
중구,2017-06-29,2017-07-29,76.75294529258713,대신동
중구,2017-06-29,2017-07-29,76.75294529258713,남산1동
중구,2017-06-29,2017-07-29,76.75294529258713,남산2동
중구,2017-06-29,2017-07-29,76.75294529258713,남산3동
중구,2017-06-29,2017-07-29,76.75294529258713,남산4동
중구,2017-06-29,2017-07-29,76.75294529258713,대봉1동
중구,2017-06-29,2017-07-29,76.75294529258713,대봉2동
중구,2017-06-29,2017-07-29,76.75294529258713,동인동
군위군,2018-06-26,2018-07-09,249.4981578577373,군위읍
군위군,2018-06-26,2018-07-09,249.4981578577373,소보면
군위군,2018-06-26,2018-07-09,249.4981578577373,효령면
군위군,2018-06-26,2018-07-09,249.4981578577373,부계면
군위군,2018-06-26,2018-07-09,249.4981578577373,우보면
군위군,2018-06-26,2018-07-09,249.4981578577373,의흥면
군위군,2018-06-26,2018-07-09,249.4981578577373,산성면
군위군,2018-06-26,2018-07-09,249.4981578577373,삼국유사면
남구,2018-06-26,2018-07-09,254.77852920179708,이천동
남구,2018-06-26,2018-07-09,254.77852920179708,봉덕1동
남구,2018-06-26,2018-07-09,254.77852920179708,봉덕2동
남구,2018-06-26,2018-07-09,254.77852920179708,봉덕3동
남구,2018-06-26,2018-07-09,254.77852920179708,대명1동
남구,2018-06-26,2018-07-09,254.77852920179708,대명2동
남구,2018-06-26,2018-07-09,254.77852920179708,대명3동
남구,2018-06-26,2018-07-09,254.77852920179708,대명4동
남구,2018-06-26,2018-07-09,254.77852920179708,대명5동
남구,2018-06-26,2018-07-09,254.77852920179708,대명6동
남구,2018-06-26,2018-07-09,254.77852920179708,대명9동
남구,2018-06-26,2018-07-09,254.77852920179708,대명10동
남구,2018-06-26,2018-07-09,254.77852920179708,대명11동
달서구,2018-06-26,2018-07-09,254.685515835406,두류3동
달서구,2018-06-26,2018-07-09,254.685515835406,본리동
달서구,2018-06-26,2018-07-09,254.685515835406,감삼동
달서구,2018-06-26,2018-07-09,254.685515835406,죽전동
달서구,2018-06-26,2018-07-09,254.685515835406,장기동
달서구,2018-06-26,2018-07-09,254.685515835406,이곡1동
달서구,2018-06-26,2018-07-09,254.685515835406,신당동
달서구,2018-06-26,2018-07-09,254.685515835406,월성2동
달서구,2018-06-26,2018-07-09,254.685515835406,상인1동
달서구,2018-06-26,2018-07-09,254.685515835406,상인2동
달서구,2018-06-26,2018-07-09,254.685515835406,상인3동
달서구,2018-06-26,2018-07-09,254.685515835406,도원동
달서구,2018-06-26,2018-07-09,254.685515835406,송현1동
달서구,2018-06-26,2018-07-09,254.685515835406,송현2동
달서구,2018-06-26,2018-07-09,254.685515835406,본동
달서구,2018-06-26,2018-07-09,254.685515835406,용산1동
달서구,2018-06-26,2018-07-09,254.685515835406,용산2동
달서구,2018-06-26,2018-07-09,254.685515835406,이곡2동
달서구,2018-06-26,2018-07-09,254.685515835406,성당동
달서구,2018-06-26,2018-07-09,254.685515835406,두류1·2동
달서구,2018-06-26,2018-07-09,254.685515835406,월성1동
달서구,2018-06-26,2018-07-09,254.685515835406,진천동
달서구,2018-06-26,2018-07-09,254.685515835406,유천동
달성군,2018-06-26,2018-07-09,244.1663094643305,화원읍
달성군,2018-06-26,2018-07-09,244.1663094643305,논공읍
달성군,2018-06-26,2018-07-09,244.1663094643305,다사읍
달성군,2018-06-26,2018-07-09,244.1663094643305,유가읍
달성군,2018-06-26,2018-07-09,244.1663094643305,옥포읍
달성군,2018-06-26,2018-07-09,244.1663094643305,현풍읍
달성군,2018-06-26,2018-07-09,244.1663094643305,가창면
달성군,2018-06-26,2018-07-09,244.1663094643305,하빈면
달성군,2018-06-26,2018-07-09,244.1663094643305,구지면
동구,2018-06-26,2018-07-09,267.9112097762624,신암1동
동구,2018-06-26,2018-07-09,267.9112097762624,신암2동
동구,2018-06-26,2018-07-09,267.9112097762624,신암3동
동구,2018-06-26,2018-07-09,267.9112097762624,신암4동
동구,2018-06-26,2018-07-09,267.9112097762624,신암5동
동구,2018-06-26,2018-07-09,267.9112097762624,신천1·2동
동구,2018-06-26,2018-07-09,267.9112097762624,신천3동
동구,2018-06-26,2018-07-09,267.9112097762624,신천4동
동구,2018-06-26,2018-07-09,267.9112097762624,효목1동
동구,2018-06-26,2018-07-09,267.9112097762624,효목2동
동구,2018-06-26,2018-07-09,267.9112097762624,도평동
동구,2018-06-26,2018-07-09,267.9112097762624,불로·봉무동
동구,2018-06-26,2018-07-09,267.9112097762624,지저동
동구,2018-06-26,2018-07-09,267.9112097762624,동촌동
동구,2018-06-26,2018-07-09,267.9112097762624,방촌동
동구,2018-06-26,2018-07-09,267.9112097762624,해안동
동구,2018-06-26,2018-07-09,267.9112097762624,공산동
동구,2018-06-26,2018-07-09,267.9112097762624,안심1동
동구,2018-06-26,2018-07-09,267.9112097762624,안심2동
동구,2018-06-26,2018-07-09,267.9112097762624,안심3동
동구,2018-06-26,2018-07-09,267.9112097762624,안심4동
동구,2018-06-26,2018-07-09,267.9112097762624,혁신동
북구,2018-06-26,2018-07-09,232.3655001342678,고성동
북구,2018-06-26,2018-07-09,232.3655001342678,칠성동
북구,2018-06-26,2018-07-09,232.3655001342678,침산1동
북구,2018-06-26,2018-07-09,232.3655001342678,침산2동
북구,2018-06-26,2018-07-09,232.3655001342678,침산3동
북구,2018-06-26,2018-07-09,232.3655001342678,산격1동
북구,2018-06-26,2018-07-09,232.3655001342678,산격2동
북구,2018-06-26,2018-07-09,232.3655001342678,산격3동
북구,2018-06-26,2018-07-09,232.3655001342678,산격4동
북구,2018-06-26,2018-07-09,232.3655001342678,복현1동
북구,2018-06-26,2018-07-09,232.3655001342678,복현2동
북구,2018-06-26,2018-07-09,232.3655001342678,검단동
북구,2018-06-26,2018-07-09,232.3655001342678,무태조야동
북구,2018-06-26,2018-07-09,232.3655001342678,태전2동
북구,2018-06-26,2018-07-09,232.3655001342678,관문동
북구,2018-06-26,2018-07-09,232.3655001342678,읍내동
북구,2018-06-26,2018-07-09,232.3655001342678,관음동
북구,2018-06-26,2018-07-09,232.3655001342678,태전1동
북구,2018-06-26,2018-07-09,232.3655001342678,구암동
북구,2018-06-26,2018-07-09,232.3655001342678,노원동
북구,2018-06-26,2018-07-09,232.3655001342678,동천동
북구,2018-06-26,2018-07-09,232.3655001342678,국우동
북구,2018-06-26,2018-07-09,232.3655001342678,대현동
서구,2018-06-26,2018-07-09,247.8698059743584,내당1동
서구,2018-06-26,2018-07-09,247.8698059743584,내당2·3동
서구,2018-06-26,2018-07-09,247.8698059743584,내당4동
서구,2018-06-26,2018-07-09,247.8698059743584,비산1동
서구,2018-06-26,2018-07-09,247.8698059743584,비산2·3동
서구,2018-06-26,2018-07-09,247.8698059743584,비산4동
서구,2018-06-26,2018-07-09,247.8698059743584,비산5동
서구,2018-06-26,2018-07-09,247.8698059743584,비산6동
서구,2018-06-26,2018-07-09,247.8698059743584,비산7동
서구,2018-06-26,2018-07-09,247.8698059743584,평리1동
서구,2018-06-26,2018-07-09,247.8698059743584,평리2동
서구,2018-06-26,2018-07-09,247.8698059743584,평리3동
서구,2018-06-26,2018-07-09,247.8698059743584,평리4동
서구,2018-06-26,2018-07-09,247.8698059743584,평리5동
서구,2018-06-26,2018-07-09,247.8698059743584,평리6동
서구,2018-06-26,2018-07-09,247.8698059743584,상중이동
서구,2018-06-26,2018-07-09,247.8698059743584,원대동
수성구,2018-06-26,2018-07-09,263.4155124607604,범어1동
수성구,2018-06-26,2018-07-09,263.4155124607604,범어2동
수성구,2018-06-26,2018-07-09,263.4155124607604,범어3동
수성구,2018-06-26,2018-07-09,263.4155124607604,범어4동
수성구,2018-06-26,2018-07-09,263.4155124607604,만촌1동
수성구,2018-06-26,2018-07-09,263.4155124607604,만촌2동
수성구,2018-06-26,2018-07-09,263.4155124607604,만촌3동
수성구,2018-06-26,2018-07-09,263.4155124607604,수성1가동
수성구,2018-06-26,2018-07-09,263.4155124607604,수성2·3가동
수성구,2018-06-26,2018-07-09,263.4155124607604,수성4가동
수성구,2018-06-26,2018-07-09,263.4155124607604,황금1동
수성구,2018-06-26,2018-07-09,263.4155124607604,황금2동
수성구,2018-06-26,2018-07-09,263.4155124607604,중동
수성구,2018-06-26,2018-07-09,263.4155124607604,상동
수성구,2018-06-26,2018-07-09,263.4155124607604,파동
수성구,2018-06-26,2018-07-09,263.4155124607604,두산동
수성구,2018-06-26,2018-07-09,263.4155124607604,지산1동
수성구,2018-06-26,2018-07-09,263.4155124607604,지산2동
수성구,2018-06-26,2018-07-09,263.4155124607604,범물1동
수성구,2018-06-26,2018-07-09,263.4155124607604,범물2동
수성구,2018-06-26,2018-07-09,263.4155124607604,고산1동
수성구,2018-06-26,2018-07-09,263.4155124607604,고산2동
수성구,2018-06-26,2018-07-09,263.4155124607604,고산3동
중구,2018-06-26,2018-07-09,257.92500377320255,삼덕동
중구,2018-06-26,2018-07-09,257.92500377320255,성내1동
중구,2018-06-26,2018-07-09,257.92500377320255,성내2동
중구,2018-06-26,2018-07-09,257.92500377320255,성내3동
중구,2018-06-26,2018-07-09,257.92500377320255,대신동
중구,2018-06-26,2018-07-09,257.92500377320255,남산1동
중구,2018-06-26,2018-07-09,257.92500377320255,남산2동
중구,2018-06-26,2018-07-09,257.92500377320255,남산3동
중구,2018-06-26,2018-07-09,257.92500377320255,남산4동
중구,2018-06-26,2018-07-09,257.92500377320255,대봉1동
중구,2018-06-26,2018-07-09,257.92500377320255,대봉2동
중구,2018-06-26,2018-07-09,257.92500377320255,동인동
군위군,2019-06-26,2019-07-28,248.4185814742244,군위읍
군위군,2019-06-26,2019-07-28,248.4185814742244,소보면
군위군,2019-06-26,2019-07-28,248.4185814742244,효령면
군위군,2019-06-26,2019-07-28,248.4185814742244,부계면
군위군,2019-06-26,2019-07-28,248.4185814742244,우보면
군위군,2019-06-26,2019-07-28,248.4185814742244,의흥면
군위군,2019-06-26,2019-07-28,248.4185814742244,산성면
군위군,2019-06-26,2019-07-28,248.4185814742244,삼국유사면
남구,2019-06-26,2019-07-28,247.5810673816458,이천동
남구,2019-06-26,2019-07-28,247.5810673816458,봉덕1동
남구,2019-06-26,2019-07-28,247.5810673816458,봉덕2동
남구,2019-06-26,2019-07-28,247.5810673816458,봉덕3동
남구,2019-06-26,2019-07-28,247.5810673816458,대명1동
남구,2019-06-26,2019-07-28,247.5810673816458,대명2동
남구,2019-06-26,2019-07-28,247.5810673816458,대명3동
남구,2019-06-26,2019-07-28,247.5810673816458,대명4동
남구,2019-06-26,2019-07-28,247.5810673816458,대명5동
남구,2019-06-26,2019-07-28,247.5810673816458,대명6동
남구,2019-06-26,2019-07-28,247.5810673816458,대명9동
남구,2019-06-26,2019-07-28,247.5810673816458,대명10동
남구,2019-06-26,2019-07-28,247.5810673816458,대명11동
달서구,2019-06-26,2019-07-28,255.77036985689853,두류3동
달서구,2019-06-26,2019-07-28,255.77036985689853,본리동
달서구,2019-06-26,2019-07-28,255.77036985689853,감삼동
달서구,2019-06-26,2019-07-28,255.77036985689853,죽전동
달서구,2019-06-26,2019-07-28,255.77036985689853,장기동
달서구,2019-06-26,2019-07-28,255.77036985689853,이곡1동
달서구,2019-06-26,2019-07-28,255.77036985689853,신당동
달서구,2019-06-26,2019-07-28,255.77036985689853,월성2동
달서구,2019-06-26,2019-07-28,255.77036985689853,상인1동
달서구,2019-06-26,2019-07-28,255.77036985689853,상인2동
달서구,2019-06-26,2019-07-28,255.77036985689853,상인3동
달서구,2019-06-26,2019-07-28,255.77036985689853,도원동
달서구,2019-06-26,2019-07-28,255.77036985689853,송현1동
달서구,2019-06-26,2019-07-28,255.77036985689853,송현2동
달서구,2019-06-26,2019-07-28,255.77036985689853,본동
달서구,2019-06-26,2019-07-28,255.77036985689853,용산1동
달서구,2019-06-26,2019-07-28,255.77036985689853,용산2동
달서구,2019-06-26,2019-07-28,255.77036985689853,이곡2동
달서구,2019-06-26,2019-07-28,255.77036985689853,성당동
달서구,2019-06-26,2019-07-28,255.77036985689853,두류1·2동
달서구,2019-06-26,2019-07-28,255.77036985689853,월성1동
달서구,2019-06-26,2019-07-28,255.77036985689853,진천동
달서구,2019-06-26,2019-07-28,255.77036985689853,유천동
달성군,2019-06-26,2019-07-28,256.2891461015292,화원읍
달성군,2019-06-26,2019-07-28,256.2891461015292,논공읍
달성군,2019-06-26,2019-07-28,256.2891461015292,다사읍
달성군,2019-06-26,2019-07-28,256.2891461015292,유가읍
달성군,2019-06-26,2019-07-28,256.2891461015292,옥포읍
달성군,2019-06-26,2019-07-28,256.2891461015292,현풍읍
달성군,2019-06-26,2019-07-28,256.2891461015292,가창면
달성군,2019-06-26,2019-07-28,256.2891461015292,하빈면
달성군,2019-06-26,2019-07-28,256.2891461015292,구지면
동구,2019-06-26,2019-07-28,242.91314194334524,신암1동
동구,2019-06-26,2019-07-28,242.91314194334524,신암2동
동구,2019-06-26,2019-07-28,242.91314194334524,신암3동
동구,2019-06-26,2019-07-28,242.91314194334524,신암4동
동구,2019-06-26,2019-07-28,242.91314194334524,신암5동
동구,2019-06-26,2019-07-28,242.91314194334524,신천1·2동
동구,2019-06-26,2019-07-28,242.91314194334524,신천3동
동구,2019-06-26,2019-07-28,242.91314194334524,신천4동
동구,2019-06-26,2019-07-28,242.91314194334524,효목1동
동구,2019-06-26,2019-07-28,242.91314194334524,효목2동
동구,2019-06-26,2019-07-28,242.91314194334524,도평동
동구,2019-06-26,2019-07-28,242.91314194334524,불로·봉무동
동구,2019-06-26,2019-07-28,242.91314194334524,지저동
동구,2019-06-26,2019-07-28,242.91314194334524,동촌동
동구,2019-06-26,2019-07-28,242.91314194334524,방촌동
동구,2019-06-26,2019-07-28,242.91314194334524,해안동
동구,2019-06-26,2019-07-28,242.91314194334524,공산동
동구,2019-06-26,2019-07-28,242.91314194334524,안심1동
동구,2019-06-26,2019-07-28,242.91314194334524,안심2동
동구,2019-06-26,2019-07-28,242.91314194334524,안심3동
동구,2019-06-26,2019-07-28,242.91314194334524,안심4동
동구,2019-06-26,2019-07-28,242.91314194334524,혁신동
북구,2019-06-26,2019-07-28,244.0110624691029,고성동
북구,2019-06-26,2019-07-28,244.0110624691029,칠성동
북구,2019-06-26,2019-07-28,244.0110624691029,침산1동
북구,2019-06-26,2019-07-28,244.0110624691029,침산2동
북구,2019-06-26,2019-07-28,244.0110624691029,침산3동
북구,2019-06-26,2019-07-28,244.0110624691029,산격1동
북구,2019-06-26,2019-07-28,244.0110624691029,산격2동
북구,2019-06-26,2019-07-28,244.0110624691029,산격3동
북구,2019-06-26,2019-07-28,244.0110624691029,산격4동
북구,2019-06-26,2019-07-28,244.0110624691029,복현1동
북구,2019-06-26,2019-07-28,244.0110624691029,복현2동
북구,2019-06-26,2019-07-28,244.0110624691029,검단동
북구,2019-06-26,2019-07-28,244.0110624691029,무태조야동
북구,2019-06-26,2019-07-28,244.0110624691029,태전2동
북구,2019-06-26,2019-07-28,244.0110624691029,관문동
북구,2019-06-26,2019-07-28,244.0110624691029,읍내동
북구,2019-06-26,2019-07-28,244.0110624691029,관음동
북구,2019-06-26,2019-07-28,244.0110624691029,태전1동
북구,2019-06-26,2019-07-28,244.0110624691029,구암동
북구,2019-06-26,2019-07-28,244.0110624691029,노원동
북구,2019-06-26,2019-07-28,244.0110624691029,동천동
북구,2019-06-26,2019-07-28,244.0110624691029,국우동
북구,2019-06-26,2019-07-28,244.0110624691029,대현동
서구,2019-06-26,2019-07-28,249.20917707629184,내당1동
서구,2019-06-26,2019-07-28,249.20917707629184,내당2·3동
서구,2019-06-26,2019-07-28,249.20917707629184,내당4동
서구,2019-06-26,2019-07-28,249.20917707629184,비산1동
서구,2019-06-26,2019-07-28,249.20917707629184,비산2·3동
서구,2019-06-26,2019-07-28,249.20917707629184,비산4동
서구,2019-06-26,2019-07-28,249.20917707629184,비산5동
서구,2019-06-26,2019-07-28,249.20917707629184,비산6동
서구,2019-06-26,2019-07-28,249.20917707629184,비산7동
서구,2019-06-26,2019-07-28,249.20917707629184,평리1동
서구,2019-06-26,2019-07-28,249.20917707629184,평리2동
서구,2019-06-26,2019-07-28,249.20917707629184,평리3동
서구,2019-06-26,2019-07-28,249.20917707629184,평리4동
서구,2019-06-26,2019-07-28,249.20917707629184,평리5동
서구,2019-06-26,2019-07-28,249.20917707629184,평리6동
서구,2019-06-26,2019-07-28,249.20917707629184,상중이동
서구,2019-06-26,2019-07-28,249.20917707629184,원대동
수성구,2019-06-26,2019-07-28,243.84561673572315,범어1동
수성구,2019-06-26,2019-07-28,243.84561673572315,범어2동
수성구,2019-06-26,2019-07-28,243.84561673572315,범어3동
수성구,2019-06-26,2019-07-28,243.84561673572315,범어4동
수성구,2019-06-26,2019-07-28,243.84561673572315,만촌1동
수성구,2019-06-26,2019-07-28,243.84561673572315,만촌2동
수성구,2019-06-26,2019-07-28,243.84561673572315,만촌3동
수성구,2019-06-26,2019-07-28,243.84561673572315,수성1가동
수성구,2019-06-26,2019-07-28,243.84561673572315,수성2·3가동
수성구,2019-06-26,2019-07-28,243.84561673572315,수성4가동
수성구,2019-06-26,2019-07-28,243.84561673572315,황금1동
수성구,2019-06-26,2019-07-28,243.84561673572315,황금2동
수성구,2019-06-26,2019-07-28,243.84561673572315,중동
수성구,2019-06-26,2019-07-28,243.84561673572315,상동
수성구,2019-06-26,2019-07-28,243.84561673572315,파동
수성구,2019-06-26,2019-07-28,243.84561673572315,두산동
수성구,2019-06-26,2019-07-28,243.84561673572315,지산1동
수성구,2019-06-26,2019-07-28,243.84561673572315,지산2동
수성구,2019-06-26,2019-07-28,243.84561673572315,범물1동
수성구,2019-06-26,2019-07-28,243.84561673572315,범물2동
수성구,2019-06-26,2019-07-28,243.84561673572315,고산1동
수성구,2019-06-26,2019-07-28,243.84561673572315,고산2동
수성구,2019-06-26,2019-07-28,243.84561673572315,고산3동
중구,2019-06-26,2019-07-28,244.28501931650288,삼덕동
중구,2019-06-26,2019-07-28,244.28501931650288,성내1동
중구,2019-06-26,2019-07-28,244.28501931650288,성내2동
중구,2019-06-26,2019-07-28,244.28501931650288,성내3동
중구,2019-06-26,2019-07-28,244.28501931650288,대신동
중구,2019-06-26,2019-07-28,244.28501931650288,남산1동
중구,2019-06-26,2019-07-28,244.28501931650288,남산2동
중구,2019-06-26,2019-07-28,244.28501931650288,남산3동
중구,2019-06-26,2019-07-28,244.28501931650288,남산4동
중구,2019-06-26,2019-07-28,244.28501931650288,대봉1동
중구,2019-06-26,2019-07-28,244.28501931650288,대봉2동
중구,2019-06-26,2019-07-28,244.28501931650288,동인동
군위군,2020-06-24,2020-07-31,429.83896728895786,군위읍
군위군,2020-06-24,2020-07-31,429.83896728895786,소보면
군위군,2020-06-24,2020-07-31,429.83896728895786,효령면
군위군,2020-06-24,2020-07-31,429.83896728895786,부계면
군위군,2020-06-24,2020-07-31,429.83896728895786,우보면
군위군,2020-06-24,2020-07-31,429.83896728895786,의흥면
군위군,2020-06-24,2020-07-31,429.83896728895786,산성면
군위군,2020-06-24,2020-07-31,429.83896728895786,삼국유사면
남구,2020-06-24,2020-07-31,417.9193193612174,이천동
남구,2020-06-24,2020-07-31,417.9193193612174,봉덕1동
남구,2020-06-24,2020-07-31,417.9193193612174,봉덕2동
남구,2020-06-24,2020-07-31,417.9193193612174,봉덕3동
남구,2020-06-24,2020-07-31,417.9193193612174,대명1동
남구,2020-06-24,2020-07-31,417.9193193612174,대명2동
남구,2020-06-24,2020-07-31,417.9193193612174,대명3동
남구,2020-06-24,2020-07-31,417.9193193612174,대명4동
남구,2020-06-24,2020-07-31,417.9193193612174,대명5동
남구,2020-06-24,2020-07-31,417.9193193612174,대명6동
남구,2020-06-24,2020-07-31,417.9193193612174,대명9동
남구,2020-06-24,2020-07-31,417.9193193612174,대명10동
남구,2020-06-24,2020-07-31,417.9193193612174,대명11동
달서구,2020-06-24,2020-07-31,431.30015317681887,두류3동
달서구,2020-06-24,2020-07-31,431.30015317681887,본리동
달서구,2020-06-24,2020-07-31,431.30015317681887,감삼동
달서구,2020-06-24,2020-07-31,431.30015317681887,죽전동
달서구,2020-06-24,2020-07-31,431.30015317681887,장기동
달서구,2020-06-24,2020-07-31,431.30015317681887,이곡1동
달서구,2020-06-24,2020-07-31,431.30015317681887,신당동
달서구,2020-06-24,2020-07-31,431.30015317681887,월성2동
달서구,2020-06-24,2020-07-31,431.30015317681887,상인1동
달서구,2020-06-24,2020-07-31,431.30015317681887,상인2동
달서구,2020-06-24,2020-07-31,431.30015317681887,상인3동
달서구,2020-06-24,2020-07-31,431.30015317681887,도원동
달서구,2020-06-24,2020-07-31,431.30015317681887,송현1동
달서구,2020-06-24,2020-07-31,431.30015317681887,송현2동
달서구,2020-06-24,2020-07-31,431.30015317681887,본동
달서구,2020-06-24,2020-07-31,431.30015317681887,용산1동
달서구,2020-06-24,2020-07-31,431.30015317681887,용산2동
달서구,2020-06-24,2020-07-31,431.30015317681887,이곡2동
달서구,2020-06-24,2020-07-31,431.30015317681887,성당동
달서구,2020-06-24,2020-07-31,431.30015317681887,두류1·2동
달서구,2020-06-24,2020-07-31,431.30015317681887,월성1동
달서구,2020-06-24,2020-07-31,431.30015317681887,진천동
달서구,2020-06-24,2020-07-31,431.30015317681887,유천동
달성군,2020-06-24,2020-07-31,474.1313908694533,화원읍
달성군,2020-06-24,2020-07-31,474.1313908694533,논공읍
달성군,2020-06-24,2020-07-31,474.1313908694533,다사읍
달성군,2020-06-24,2020-07-31,474.1313908694533,유가읍
달성군,2020-06-24,2020-07-31,474.1313908694533,옥포읍
달성군,2020-06-24,2020-07-31,474.1313908694533,현풍읍
달성군,2020-06-24,2020-07-31,474.1313908694533,가창면
달성군,2020-06-24,2020-07-31,474.1313908694533,하빈면
달성군,2020-06-24,2020-07-31,474.1313908694533,구지면
동구,2020-06-24,2020-07-31,397.3735221396833,신암1동
동구,2020-06-24,2020-07-31,397.3735221396833,신암2동
동구,2020-06-24,2020-07-31,397.3735221396833,신암3동
동구,2020-06-24,2020-07-31,397.3735221396833,신암4동
동구,2020-06-24,2020-07-31,397.3735221396833,신암5동
동구,2020-06-24,2020-07-31,397.3735221396833,신천1·2동
동구,2020-06-24,2020-07-31,397.3735221396833,신천3동
동구,2020-06-24,2020-07-31,397.3735221396833,신천4동
동구,2020-06-24,2020-07-31,397.3735221396833,효목1동
동구,2020-06-24,2020-07-31,397.3735221396833,효목2동
동구,2020-06-24,2020-07-31,397.3735221396833,도평동
동구,2020-06-24,2020-07-31,397.3735221396833,불로·봉무동
동구,2020-06-24,2020-07-31,397.3735221396833,지저동
동구,2020-06-24,2020-07-31,397.3735221396833,동촌동
동구,2020-06-24,2020-07-31,397.3735221396833,방촌동
동구,2020-06-24,2020-07-31,397.3735221396833,해안동
동구,2020-06-24,2020-07-31,397.3735221396833,공산동
동구,2020-06-24,2020-07-31,397.3735221396833,안심1동
동구,2020-06-24,2020-07-31,397.3735221396833,안심2동
동구,2020-06-24,2020-07-31,397.3735221396833,안심3동
동구,2020-06-24,2020-07-31,397.3735221396833,안심4동
동구,2020-06-24,2020-07-31,397.3735221396833,혁신동
북구,2020-06-24,2020-07-31,429.6067429805024,고성동
북구,2020-06-24,2020-07-31,429.6067429805024,칠성동
북구,2020-06-24,2020-07-31,429.6067429805024,침산1동
북구,2020-06-24,2020-07-31,429.6067429805024,침산2동
북구,2020-06-24,2020-07-31,429.6067429805024,침산3동
북구,2020-06-24,2020-07-31,429.6067429805024,산격1동
북구,2020-06-24,2020-07-31,429.6067429805024,산격2동
북구,2020-06-24,2020-07-31,429.6067429805024,산격3동
북구,2020-06-24,2020-07-31,429.6067429805024,산격4동
북구,2020-06-24,2020-07-31,429.6067429805024,복현1동
북구,2020-06-24,2020-07-31,429.6067429805024,복현2동
북구,2020-06-24,2020-07-31,429.6067429805024,검단동
북구,2020-06-24,2020-07-31,429.6067429805024,무태조야동
북구,2020-06-24,2020-07-31,429.6067429805024,태전2동
북구,2020-06-24,2020-07-31,429.6067429805024,관문동
북구,2020-06-24,2020-07-31,429.6067429805024,읍내동
북구,2020-06-24,2020-07-31,429.6067429805024,관음동
북구,2020-06-24,2020-07-31,429.6067429805024,태전1동
북구,2020-06-24,2020-07-31,429.6067429805024,구암동
북구,2020-06-24,2020-07-31,429.6067429805024,노원동
북구,2020-06-24,2020-07-31,429.6067429805024,동천동
북구,2020-06-24,2020-07-31,429.6067429805024,국우동
북구,2020-06-24,2020-07-31,429.6067429805024,대현동
서구,2020-06-24,2020-07-31,425.6971493390876,내당1동
서구,2020-06-24,2020-07-31,425.6971493390876,내당2·3동
서구,2020-06-24,2020-07-31,425.6971493390876,내당4동
서구,2020-06-24,2020-07-31,425.6971493390876,비산1동
서구,2020-06-24,2020-07-31,425.6971493390876,비산2·3동
서구,2020-06-24,2020-07-31,425.6971493390876,비산4동
서구,2020-06-24,2020-07-31,425.6971493390876,비산5동
서구,2020-06-24,2020-07-31,425.6971493390876,비산6동
서구,2020-06-24,2020-07-31,425.6971493390876,비산7동
서구,2020-06-24,2020-07-31,425.6971493390876,평리1동
서구,2020-06-24,2020-07-31,425.6971493390876,평리2동
서구,2020-06-24,2020-07-31,425.6971493390876,평리3동
서구,2020-06-24,2020-07-31,425.6971493390876,평리4동
서구,2020-06-24,2020-07-31,425.6971493390876,평리5동
서구,2020-06-24,2020-07-31,425.6971493390876,평리6동
서구,2020-06-24,2020-07-31,425.6971493390876,상중이동
서구,2020-06-24,2020-07-31,425.6971493390876,원대동
수성구,2020-06-24,2020-07-31,403.25330740022525,범어1동
수성구,2020-06-24,2020-07-31,403.25330740022525,범어2동
수성구,2020-06-24,2020-07-31,403.25330740022525,범어3동
수성구,2020-06-24,2020-07-31,403.25330740022525,범어4동
수성구,2020-06-24,2020-07-31,403.25330740022525,만촌1동
수성구,2020-06-24,2020-07-31,403.25330740022525,만촌2동
수성구,2020-06-24,2020-07-31,403.25330740022525,만촌3동
수성구,2020-06-24,2020-07-31,403.25330740022525,수성1가동
수성구,2020-06-24,2020-07-31,403.25330740022525,수성2·3가동
수성구,2020-06-24,2020-07-31,403.25330740022525,수성4가동
수성구,2020-06-24,2020-07-31,403.25330740022525,황금1동
수성구,2020-06-24,2020-07-31,403.25330740022525,황금2동
수성구,2020-06-24,2020-07-31,403.25330740022525,중동
수성구,2020-06-24,2020-07-31,403.25330740022525,상동
수성구,2020-06-24,2020-07-31,403.25330740022525,파동
수성구,2020-06-24,2020-07-31,403.25330740022525,두산동
수성구,2020-06-24,2020-07-31,403.25330740022525,지산1동
수성구,2020-06-24,2020-07-31,403.25330740022525,지산2동
수성구,2020-06-24,2020-07-31,403.25330740022525,범물1동
수성구,2020-06-24,2020-07-31,403.25330740022525,범물2동
수성구,2020-06-24,2020-07-31,403.25330740022525,고산1동
수성구,2020-06-24,2020-07-31,403.25330740022525,고산2동
수성구,2020-06-24,2020-07-31,403.25330740022525,고산3동
중구,2020-06-24,2020-07-31,408.5545546833075,삼덕동
중구,2020-06-24,2020-07-31,408.5545546833075,성내1동
중구,2020-06-24,2020-07-31,408.5545546833075,성내2동
중구,2020-06-24,2020-07-31,408.5545546833075,성내3동
중구,2020-06-24,2020-07-31,408.5545546833075,대신동
중구,2020-06-24,2020-07-31,408.5545546833075,남산1동
중구,2020-06-24,2020-07-31,408.5545546833075,남산2동
중구,2020-06-24,2020-07-31,408.5545546833075,남산3동
중구,2020-06-24,2020-07-31,408.5545546833075,남산4동
중구,2020-06-24,2020-07-31,408.5545546833075,대봉1동
중구,2020-06-24,2020-07-31,408.5545546833075,대봉2동
중구,2020-06-24,2020-07-31,408.5545546833075,동인동
군위군,2021-07-03,2021-07-19,202.8347882002664,군위읍
군위군,2021-07-03,2021-07-19,202.8347882002664,소보면
군위군,2021-07-03,2021-07-19,202.8347882002664,효령면
군위군,2021-07-03,2021-07-19,202.8347882002664,부계면
군위군,2021-07-03,2021-07-19,202.8347882002664,우보면
군위군,2021-07-03,2021-07-19,202.8347882002664,의흥면
군위군,2021-07-03,2021-07-19,202.8347882002664,산성면
군위군,2021-07-03,2021-07-19,202.8347882002664,삼국유사면
남구,2021-07-03,2021-07-19,197.53075689383544,이천동
남구,2021-07-03,2021-07-19,197.53075689383544,봉덕1동
남구,2021-07-03,2021-07-19,197.53075689383544,봉덕2동
남구,2021-07-03,2021-07-19,197.53075689383544,봉덕3동
남구,2021-07-03,2021-07-19,197.53075689383544,대명1동
남구,2021-07-03,2021-07-19,197.53075689383544,대명2동
남구,2021-07-03,2021-07-19,197.53075689383544,대명3동
남구,2021-07-03,2021-07-19,197.53075689383544,대명4동
남구,2021-07-03,2021-07-19,197.53075689383544,대명5동
남구,2021-07-03,2021-07-19,197.53075689383544,대명6동
남구,2021-07-03,2021-07-19,197.53075689383544,대명9동
남구,2021-07-03,2021-07-19,197.53075689383544,대명10동
남구,2021-07-03,2021-07-19,197.53075689383544,대명11동
달서구,2021-07-03,2021-07-19,177.5255634664096,두류3동
달서구,2021-07-03,2021-07-19,177.5255634664096,본리동
달서구,2021-07-03,2021-07-19,177.5255634664096,감삼동
달서구,2021-07-03,2021-07-19,177.5255634664096,죽전동
달서구,2021-07-03,2021-07-19,177.5255634664096,장기동
달서구,2021-07-03,2021-07-19,177.5255634664096,이곡1동
달서구,2021-07-03,2021-07-19,177.5255634664096,신당동
달서구,2021-07-03,2021-07-19,177.5255634664096,월성2동
달서구,2021-07-03,2021-07-19,177.5255634664096,상인1동
달서구,2021-07-03,2021-07-19,177.5255634664096,상인2동
달서구,2021-07-03,2021-07-19,177.5255634664096,상인3동
달서구,2021-07-03,2021-07-19,177.5255634664096,도원동
달서구,2021-07-03,2021-07-19,177.5255634664096,송현1동
달서구,2021-07-03,2021-07-19,177.5255634664096,송현2동
달서구,2021-07-03,2021-07-19,177.5255634664096,본동
달서구,2021-07-03,2021-07-19,177.5255634664096,용산1동
달서구,2021-07-03,2021-07-19,177.5255634664096,용산2동
달서구,2021-07-03,2021-07-19,177.5255634664096,이곡2동
달서구,2021-07-03,2021-07-19,177.5255634664096,성당동
달서구,2021-07-03,2021-07-19,177.5255634664096,두류1·2동
달서구,2021-07-03,2021-07-19,177.5255634664096,월성1동
달서구,2021-07-03,2021-07-19,177.5255634664096,진천동
달서구,2021-07-03,2021-07-19,177.5255634664096,유천동
달성군,2021-07-03,2021-07-19,219.23250358945916,화원읍
달성군,2021-07-03,2021-07-19,219.23250358945916,논공읍
달성군,2021-07-03,2021-07-19,219.23250358945916,다사읍
달성군,2021-07-03,2021-07-19,219.23250358945916,유가읍
달성군,2021-07-03,2021-07-19,219.23250358945916,옥포읍
달성군,2021-07-03,2021-07-19,219.23250358945916,현풍읍
달성군,2021-07-03,2021-07-19,219.23250358945916,가창면
달성군,2021-07-03,2021-07-19,219.23250358945916,하빈면
달성군,2021-07-03,2021-07-19,219.23250358945916,구지면
동구,2021-07-03,2021-07-19,208.6316103441467,신암1동
동구,2021-07-03,2021-07-19,208.6316103441467,신암2동
동구,2021-07-03,2021-07-19,208.6316103441467,신암3동
동구,2021-07-03,2021-07-19,208.6316103441467,신암4동
동구,2021-07-03,2021-07-19,208.6316103441467,신암5동
동구,2021-07-03,2021-07-19,208.6316103441467,신천1·2동
동구,2021-07-03,2021-07-19,208.6316103441467,신천3동
동구,2021-07-03,2021-07-19,208.6316103441467,신천4동
동구,2021-07-03,2021-07-19,208.6316103441467,효목1동
동구,2021-07-03,2021-07-19,208.6316103441467,효목2동
동구,2021-07-03,2021-07-19,208.6316103441467,도평동
동구,2021-07-03,2021-07-19,208.6316103441467,불로·봉무동
동구,2021-07-03,2021-07-19,208.6316103441467,지저동
동구,2021-07-03,2021-07-19,208.6316103441467,동촌동
동구,2021-07-03,2021-07-19,208.6316103441467,방촌동
동구,2021-07-03,2021-07-19,208.6316103441467,해안동
동구,2021-07-03,2021-07-19,208.6316103441467,공산동
동구,2021-07-03,2021-07-19,208.6316103441467,안심1동
동구,2021-07-03,2021-07-19,208.6316103441467,안심2동
동구,2021-07-03,2021-07-19,208.6316103441467,안심3동
동구,2021-07-03,2021-07-19,208.6316103441467,안심4동
동구,2021-07-03,2021-07-19,208.6316103441467,혁신동
북구,2021-07-03,2021-07-19,200.47341044935428,고성동
북구,2021-07-03,2021-07-19,200.47341044935428,칠성동
북구,2021-07-03,2021-07-19,200.47341044935428,침산1동
북구,2021-07-03,2021-07-19,200.47341044935428,침산2동
북구,2021-07-03,2021-07-19,200.47341044935428,침산3동
북구,2021-07-03,2021-07-19,200.47341044935428,산격1동
북구,2021-07-03,2021-07-19,200.47341044935428,산격2동
북구,2021-07-03,2021-07-19,200.47341044935428,산격3동
북구,2021-07-03,2021-07-19,200.47341044935428,산격4동
북구,2021-07-03,2021-07-19,200.47341044935428,복현1동
북구,2021-07-03,2021-07-19,200.47341044935428,복현2동
북구,2021-07-03,2021-07-19,200.47341044935428,검단동
북구,2021-07-03,2021-07-19,200.47341044935428,무태조야동
북구,2021-07-03,2021-07-19,200.47341044935428,태전2동
북구,2021-07-03,2021-07-19,200.47341044935428,관문동
북구,2021-07-03,2021-07-19,200.47341044935428,읍내동
북구,2021-07-03,2021-07-19,200.47341044935428,관음동
북구,2021-07-03,2021-07-19,200.47341044935428,태전1동
북구,2021-07-03,2021-07-19,200.47341044935428,구암동
북구,2021-07-03,2021-07-19,200.47341044935428,노원동
북구,2021-07-03,2021-07-19,200.47341044935428,동천동
북구,2021-07-03,2021-07-19,200.47341044935428,국우동
북구,2021-07-03,2021-07-19,200.47341044935428,대현동
서구,2021-07-03,2021-07-19,191.4303029745,내당1동
서구,2021-07-03,2021-07-19,191.4303029745,내당2·3동
서구,2021-07-03,2021-07-19,191.4303029745,내당4동
서구,2021-07-03,2021-07-19,191.4303029745,비산1동
서구,2021-07-03,2021-07-19,191.4303029745,비산2·3동
서구,2021-07-03,2021-07-19,191.4303029745,비산4동
서구,2021-07-03,2021-07-19,191.4303029745,비산5동
서구,2021-07-03,2021-07-19,191.4303029745,비산6동
서구,2021-07-03,2021-07-19,191.4303029745,비산7동
서구,2021-07-03,2021-07-19,191.4303029745,평리1동
서구,2021-07-03,2021-07-19,191.4303029745,평리2동
서구,2021-07-03,2021-07-19,191.4303029745,평리3동
서구,2021-07-03,2021-07-19,191.4303029745,평리4동
서구,2021-07-03,2021-07-19,191.4303029745,평리5동
서구,2021-07-03,2021-07-19,191.4303029745,평리6동
서구,2021-07-03,2021-07-19,191.4303029745,상중이동
서구,2021-07-03,2021-07-19,191.4303029745,원대동
수성구,2021-07-03,2021-07-19,206.35763153596903,범어1동
수성구,2021-07-03,2021-07-19,206.35763153596903,범어2동
수성구,2021-07-03,2021-07-19,206.35763153596903,범어3동
수성구,2021-07-03,2021-07-19,206.35763153596903,범어4동
수성구,2021-07-03,2021-07-19,206.35763153596903,만촌1동
수성구,2021-07-03,2021-07-19,206.35763153596903,만촌2동
수성구,2021-07-03,2021-07-19,206.35763153596903,만촌3동
수성구,2021-07-03,2021-07-19,206.35763153596903,수성1가동
수성구,2021-07-03,2021-07-19,206.35763153596903,수성2·3가동
수성구,2021-07-03,2021-07-19,206.35763153596903,수성4가동
수성구,2021-07-03,2021-07-19,206.35763153596903,황금1동
수성구,2021-07-03,2021-07-19,206.35763153596903,황금2동
수성구,2021-07-03,2021-07-19,206.35763153596903,중동
수성구,2021-07-03,2021-07-19,206.35763153596903,상동
수성구,2021-07-03,2021-07-19,206.35763153596903,파동
수성구,2021-07-03,2021-07-19,206.35763153596903,두산동
수성구,2021-07-03,2021-07-19,206.35763153596903,지산1동
수성구,2021-07-03,2021-07-19,206.35763153596903,지산2동
수성구,2021-07-03,2021-07-19,206.35763153596903,범물1동
수성구,2021-07-03,2021-07-19,206.35763153596903,범물2동
수성구,2021-07-03,2021-07-19,206.35763153596903,고산1동
수성구,2021-07-03,2021-07-19,206.35763153596903,고산2동
수성구,2021-07-03,2021-07-19,206.35763153596903,고산3동
중구,2021-07-03,2021-07-19,204.28220207305617,삼덕동
중구,2021-07-03,2021-07-19,204.28220207305617,성내1동
중구,2021-07-03,2021-07-19,204.28220207305617,성내2동
중구,2021-07-03,2021-07-19,204.28220207305617,성내3동
중구,2021-07-03,2021-07-19,204.28220207305617,대신동
중구,2021-07-03,2021-07-19,204.28220207305617,남산1동
중구,2021-07-03,2021-07-19,204.28220207305617,남산2동
중구,2021-07-03,2021-07-19,204.28220207305617,남산3동
중구,2021-07-03,2021-07-19,204.28220207305617,남산4동
중구,2021-07-03,2021-07-19,204.28220207305617,대봉1동
중구,2021-07-03,2021-07-19,204.28220207305617,대봉2동
중구,2021-07-03,2021-07-19,204.28220207305617,동인동
군위군,2022-06-23,2022-07-25,137.53890840596773,군위읍
군위군,2022-06-23,2022-07-25,137.53890840596773,소보면
군위군,2022-06-23,2022-07-25,137.53890840596773,효령면
군위군,2022-06-23,2022-07-25,137.53890840596773,부계면
군위군,2022-06-23,2022-07-25,137.53890840596773,우보면
군위군,2022-06-23,2022-07-25,137.53890840596773,의흥면
군위군,2022-06-23,2022-07-25,137.53890840596773,산성면
군위군,2022-06-23,2022-07-25,137.53890840596773,삼국유사면
남구,2022-06-23,2022-07-25,139.60290632043106,이천동
남구,2022-06-23,2022-07-25,139.60290632043106,봉덕1동
남구,2022-06-23,2022-07-25,139.60290632043106,봉덕2동
남구,2022-06-23,2022-07-25,139.60290632043106,봉덕3동
남구,2022-06-23,2022-07-25,139.60290632043106,대명1동
남구,2022-06-23,2022-07-25,139.60290632043106,대명2동
남구,2022-06-23,2022-07-25,139.60290632043106,대명3동
남구,2022-06-23,2022-07-25,139.60290632043106,대명4동
남구,2022-06-23,2022-07-25,139.60290632043106,대명5동
남구,2022-06-23,2022-07-25,139.60290632043106,대명6동
남구,2022-06-23,2022-07-25,139.60290632043106,대명9동
남구,2022-06-23,2022-07-25,139.60290632043106,대명10동
남구,2022-06-23,2022-07-25,139.60290632043106,대명11동
달서구,2022-06-23,2022-07-25,124.02898549084236,두류3동
달서구,2022-06-23,2022-07-25,124.02898549084236,본리동
달서구,2022-06-23,2022-07-25,124.02898549084236,감삼동
달서구,2022-06-23,2022-07-25,124.02898549084236,죽전동
달서구,2022-06-23,2022-07-25,124.02898549084236,장기동
달서구,2022-06-23,2022-07-25,124.02898549084236,이곡1동
달서구,2022-06-23,2022-07-25,124.02898549084236,신당동
달서구,2022-06-23,2022-07-25,124.02898549084236,월성2동
달서구,2022-06-23,2022-07-25,124.02898549084236,상인1동
달서구,2022-06-23,2022-07-25,124.02898549084236,상인2동
달서구,2022-06-23,2022-07-25,124.02898549084236,상인3동
달서구,2022-06-23,2022-07-25,124.02898549084236,도원동
달서구,2022-06-23,2022-07-25,124.02898549084236,송현1동
달서구,2022-06-23,2022-07-25,124.02898549084236,송현2동
달서구,2022-06-23,2022-07-25,124.02898549084236,본동
달서구,2022-06-23,2022-07-25,124.02898549084236,용산1동
달서구,2022-06-23,2022-07-25,124.02898549084236,용산2동
달서구,2022-06-23,2022-07-25,124.02898549084236,이곡2동
달서구,2022-06-23,2022-07-25,124.02898549084236,성당동
달서구,2022-06-23,2022-07-25,124.02898549084236,두류1·2동
달서구,2022-06-23,2022-07-25,124.02898549084236,월성1동
달서구,2022-06-23,2022-07-25,124.02898549084236,진천동
달서구,2022-06-23,2022-07-25,124.02898549084236,유천동
달성군,2022-06-23,2022-07-25,120.40485862114475,화원읍
달성군,2022-06-23,2022-07-25,120.40485862114475,논공읍
달성군,2022-06-23,2022-07-25,120.40485862114475,다사읍
달성군,2022-06-23,2022-07-25,120.40485862114475,유가읍
달성군,2022-06-23,2022-07-25,120.40485862114475,옥포읍
달성군,2022-06-23,2022-07-25,120.40485862114475,현풍읍
달성군,2022-06-23,2022-07-25,120.40485862114475,가창면
달성군,2022-06-23,2022-07-25,120.40485862114475,하빈면
달성군,2022-06-23,2022-07-25,120.40485862114475,구지면
동구,2022-06-23,2022-07-25,150.27006697407873,신암1동
동구,2022-06-23,2022-07-25,150.27006697407873,신암2동
동구,2022-06-23,2022-07-25,150.27006697407873,신암3동
동구,2022-06-23,2022-07-25,150.27006697407873,신암4동
동구,2022-06-23,2022-07-25,150.27006697407873,신암5동
동구,2022-06-23,2022-07-25,150.27006697407873,신천1·2동
동구,2022-06-23,2022-07-25,150.27006697407873,신천3동
동구,2022-06-23,2022-07-25,150.27006697407873,신천4동
동구,2022-06-23,2022-07-25,150.27006697407873,효목1동
동구,2022-06-23,2022-07-25,150.27006697407873,효목2동
동구,2022-06-23,2022-07-25,150.27006697407873,도평동
동구,2022-06-23,2022-07-25,150.27006697407873,불로·봉무동
동구,2022-06-23,2022-07-25,150.27006697407873,지저동
동구,2022-06-23,2022-07-25,150.27006697407873,동촌동
동구,2022-06-23,2022-07-25,150.27006697407873,방촌동
동구,2022-06-23,2022-07-25,150.27006697407873,해안동
동구,2022-06-23,2022-07-25,150.27006697407873,공산동
동구,2022-06-23,2022-07-25,150.27006697407873,안심1동
동구,2022-06-23,2022-07-25,150.27006697407873,안심2동
동구,2022-06-23,2022-07-25,150.27006697407873,안심3동
동구,2022-06-23,2022-07-25,150.27006697407873,안심4동
동구,2022-06-23,2022-07-25,150.27006697407873,혁신동
북구,2022-06-23,2022-07-25,145.18166591302497,고성동
북구,2022-06-23,2022-07-25,145.18166591302497,칠성동
북구,2022-06-23,2022-07-25,145.18166591302497,침산1동
북구,2022-06-23,2022-07-25,145.18166591302497,침산2동
북구,2022-06-23,2022-07-25,145.18166591302497,침산3동
북구,2022-06-23,2022-07-25,145.18166591302497,산격1동
북구,2022-06-23,2022-07-25,145.18166591302497,산격2동
북구,2022-06-23,2022-07-25,145.18166591302497,산격3동
북구,2022-06-23,2022-07-25,145.18166591302497,산격4동
북구,2022-06-23,2022-07-25,145.18166591302497,복현1동
북구,2022-06-23,2022-07-25,145.18166591302497,복현2동
북구,2022-06-23,2022-07-25,145.18166591302497,검단동
북구,2022-06-23,2022-07-25,145.18166591302497,무태조야동
북구,2022-06-23,2022-07-25,145.18166591302497,태전2동
북구,2022-06-23,2022-07-25,145.18166591302497,관문동
북구,2022-06-23,2022-07-25,145.18166591302497,읍내동
북구,2022-06-23,2022-07-25,145.18166591302497,관음동
북구,2022-06-23,2022-07-25,145.18166591302497,태전1동
북구,2022-06-23,2022-07-25,145.18166591302497,구암동
북구,2022-06-23,2022-07-25,145.18166591302497,노원동
북구,2022-06-23,2022-07-25,145.18166591302497,동천동
북구,2022-06-23,2022-07-25,145.18166591302497,국우동
북구,2022-06-23,2022-07-25,145.18166591302497,대현동
서구,2022-06-23,2022-07-25,135.99553049724582,내당1동
서구,2022-06-23,2022-07-25,135.99553049724582,내당2·3동
서구,2022-06-23,2022-07-25,135.99553049724582,내당4동
서구,2022-06-23,2022-07-25,135.99553049724582,비산1동
서구,2022-06-23,2022-07-25,135.99553049724582,비산2·3동
서구,2022-06-23,2022-07-25,135.99553049724582,비산4동
서구,2022-06-23,2022-07-25,135.99553049724582,비산5동
서구,2022-06-23,2022-07-25,135.99553049724582,비산6동
서구,2022-06-23,2022-07-25,135.99553049724582,비산7동
서구,2022-06-23,2022-07-25,135.99553049724582,평리1동
서구,2022-06-23,2022-07-25,135.99553049724582,평리2동
서구,2022-06-23,2022-07-25,135.99553049724582,평리3동
서구,2022-06-23,2022-07-25,135.99553049724582,평리4동
서구,2022-06-23,2022-07-25,135.99553049724582,평리5동
서구,2022-06-23,2022-07-25,135.99553049724582,평리6동
서구,2022-06-23,2022-07-25,135.99553049724582,상중이동
서구,2022-06-23,2022-07-25,135.99553049724582,원대동
수성구,2022-06-23,2022-07-25,147.99120970393153,범어1동
수성구,2022-06-23,2022-07-25,147.99120970393153,범어2동
수성구,2022-06-23,2022-07-25,147.99120970393153,범어3동
수성구,2022-06-23,2022-07-25,147.99120970393153,범어4동
수성구,2022-06-23,2022-07-25,147.99120970393153,만촌1동
수성구,2022-06-23,2022-07-25,147.99120970393153,만촌2동
수성구,2022-06-23,2022-07-25,147.99120970393153,만촌3동
수성구,2022-06-23,2022-07-25,147.99120970393153,수성1가동
수성구,2022-06-23,2022-07-25,147.99120970393153,수성2·3가동
수성구,2022-06-23,2022-07-25,147.99120970393153,수성4가동
수성구,2022-06-23,2022-07-25,147.99120970393153,황금1동
수성구,2022-06-23,2022-07-25,147.99120970393153,황금2동
수성구,2022-06-23,2022-07-25,147.99120970393153,중동
수성구,2022-06-23,2022-07-25,147.99120970393153,상동
수성구,2022-06-23,2022-07-25,147.99120970393153,파동
수성구,2022-06-23,2022-07-25,147.99120970393153,두산동
수성구,2022-06-23,2022-07-25,147.99120970393153,지산1동
수성구,2022-06-23,2022-07-25,147.99120970393153,지산2동
수성구,2022-06-23,2022-07-25,147.99120970393153,범물1동
수성구,2022-06-23,2022-07-25,147.99120970393153,범물2동
수성구,2022-06-23,2022-07-25,147.99120970393153,고산1동
수성구,2022-06-23,2022-07-25,147.99120970393153,고산2동
수성구,2022-06-23,2022-07-25,147.99120970393153,고산3동
중구,2022-06-23,2022-07-25,146.60680251198775,삼덕동
중구,2022-06-23,2022-07-25,146.60680251198775,성내1동
중구,2022-06-23,2022-07-25,146.60680251198775,성내2동
중구,2022-06-23,2022-07-25,146.60680251198775,성내3동
중구,2022-06-23,2022-07-25,146.60680251198775,대신동
중구,2022-06-23,2022-07-25,146.60680251198775,남산1동
중구,2022-06-23,2022-07-25,146.60680251198775,남산2동
중구,2022-06-23,2022-07-25,146.60680251198775,남산3동
중구,2022-06-23,2022-07-25,146.60680251198775,남산4동
중구,2022-06-23,2022-07-25,146.60680251198775,대봉1동
중구,2022-06-23,2022-07-25,146.60680251198775,대봉2동
중구,2022-06-23,2022-07-25,146.60680251198775,동인동
군위군,2023-06-25,2023-07-26,463.8237464632671,군위읍
군위군,2023-06-25,2023-07-26,463.8237464632671,소보면
군위군,2023-06-25,2023-07-26,463.8237464632671,효령면
군위군,2023-06-25,2023-07-26,463.8237464632671,부계면
군위군,2023-06-25,2023-07-26,463.8237464632671,우보면
군위군,2023-06-25,2023-07-26,463.8237464632671,의흥면
군위군,2023-06-25,2023-07-26,463.8237464632671,산성면
군위군,2023-06-25,2023-07-26,463.8237464632671,삼국유사면
남구,2023-06-25,2023-07-26,449.33396695929656,이천동
남구,2023-06-25,2023-07-26,449.33396695929656,봉덕1동
남구,2023-06-25,2023-07-26,449.33396695929656,봉덕2동
남구,2023-06-25,2023-07-26,449.33396695929656,봉덕3동
남구,2023-06-25,2023-07-26,449.33396695929656,대명1동
남구,2023-06-25,2023-07-26,449.33396695929656,대명2동
남구,2023-06-25,2023-07-26,449.33396695929656,대명3동
남구,2023-06-25,2023-07-26,449.33396695929656,대명4동
남구,2023-06-25,2023-07-26,449.33396695929656,대명5동
남구,2023-06-25,2023-07-26,449.33396695929656,대명6동
남구,2023-06-25,2023-07-26,449.33396695929656,대명9동
남구,2023-06-25,2023-07-26,449.33396695929656,대명10동
남구,2023-06-25,2023-07-26,449.33396695929656,대명11동
달서구,2023-06-25,2023-07-26,469.42530590993215,두류3동
달서구,2023-06-25,2023-07-26,469.42530590993215,본리동
달서구,2023-06-25,2023-07-26,469.42530590993215,감삼동
달서구,2023-06-25,2023-07-26,469.42530590993215,죽전동
달서구,2023-06-25,2023-07-26,469.42530590993215,장기동
달서구,2023-06-25,2023-07-26,469.42530590993215,이곡1동
달서구,2023-06-25,2023-07-26,469.42530590993215,신당동
달서구,2023-06-25,2023-07-26,469.42530590993215,월성2동
달서구,2023-06-25,2023-07-26,469.42530590993215,상인1동
달서구,2023-06-25,2023-07-26,469.42530590993215,상인2동
달서구,2023-06-25,2023-07-26,469.42530590993215,상인3동
달서구,2023-06-25,2023-07-26,469.42530590993215,도원동
달서구,2023-06-25,2023-07-26,469.42530590993215,송현1동
달서구,2023-06-25,2023-07-26,469.42530590993215,송현2동
달서구,2023-06-25,2023-07-26,469.42530590993215,본동
달서구,2023-06-25,2023-07-26,469.42530590993215,용산1동
달서구,2023-06-25,2023-07-26,469.42530590993215,용산2동
달서구,2023-06-25,2023-07-26,469.42530590993215,이곡2동
달서구,2023-06-25,2023-07-26,469.42530590993215,성당동
달서구,2023-06-25,2023-07-26,469.42530590993215,두류1·2동
달서구,2023-06-25,2023-07-26,469.42530590993215,월성1동
달서구,2023-06-25,2023-07-26,469.42530590993215,진천동
달서구,2023-06-25,2023-07-26,469.42530590993215,유천동
달성군,2023-06-25,2023-07-26,517.163791282552,화원읍
달성군,2023-06-25,2023-07-26,517.163791282552,논공읍
달성군,2023-06-25,2023-07-26,517.163791282552,다사읍
달성군,2023-06-25,2023-07-26,517.163791282552,유가읍
달성군,2023-06-25,2023-07-26,517.163791282552,옥포읍
달성군,2023-06-25,2023-07-26,517.163791282552,현풍읍
달성군,2023-06-25,2023-07-26,517.163791282552,가창면
달성군,2023-06-25,2023-07-26,517.163791282552,하빈면
달성군,2023-06-25,2023-07-26,517.163791282552,구지면
동구,2023-06-25,2023-07-26,437.4447215763824,신암1동
동구,2023-06-25,2023-07-26,437.4447215763824,신암2동
동구,2023-06-25,2023-07-26,437.4447215763824,신암3동
동구,2023-06-25,2023-07-26,437.4447215763824,신암4동
동구,2023-06-25,2023-07-26,437.4447215763824,신암5동
동구,2023-06-25,2023-07-26,437.4447215763824,신천1·2동
동구,2023-06-25,2023-07-26,437.4447215763824,신천3동
동구,2023-06-25,2023-07-26,437.4447215763824,신천4동
동구,2023-06-25,2023-07-26,437.4447215763824,효목1동
동구,2023-06-25,2023-07-26,437.4447215763824,효목2동
동구,2023-06-25,2023-07-26,437.4447215763824,도평동
동구,2023-06-25,2023-07-26,437.4447215763824,불로·봉무동
동구,2023-06-25,2023-07-26,437.4447215763824,지저동
동구,2023-06-25,2023-07-26,437.4447215763824,동촌동
동구,2023-06-25,2023-07-26,437.4447215763824,방촌동
동구,2023-06-25,2023-07-26,437.4447215763824,해안동
동구,2023-06-25,2023-07-26,437.4447215763824,공산동
동구,2023-06-25,2023-07-26,437.4447215763824,안심1동
동구,2023-06-25,2023-07-26,437.4447215763824,안심2동
동구,2023-06-25,2023-07-26,437.4447215763824,안심3동
동구,2023-06-25,2023-07-26,437.4447215763824,안심4동
동구,2023-06-25,2023-07-26,437.4447215763824,혁신동
북구,2023-06-25,2023-07-26,434.7005407638972,고성동
북구,2023-06-25,2023-07-26,434.7005407638972,칠성동
북구,2023-06-25,2023-07-26,434.7005407638972,침산1동
북구,2023-06-25,2023-07-26,434.7005407638972,침산2동
북구,2023-06-25,2023-07-26,434.7005407638972,침산3동
북구,2023-06-25,2023-07-26,434.7005407638972,산격1동
북구,2023-06-25,2023-07-26,434.7005407638972,산격2동
북구,2023-06-25,2023-07-26,434.7005407638972,산격3동
북구,2023-06-25,2023-07-26,434.7005407638972,산격4동
북구,2023-06-25,2023-07-26,434.7005407638972,복현1동
북구,2023-06-25,2023-07-26,434.7005407638972,복현2동
북구,2023-06-25,2023-07-26,434.7005407638972,검단동
북구,2023-06-25,2023-07-26,434.7005407638972,무태조야동
북구,2023-06-25,2023-07-26,434.7005407638972,태전2동
북구,2023-06-25,2023-07-26,434.7005407638972,관문동
북구,2023-06-25,2023-07-26,434.7005407638972,읍내동
북구,2023-06-25,2023-07-26,434.7005407638972,관음동
북구,2023-06-25,2023-07-26,434.7005407638972,태전1동
북구,2023-06-25,2023-07-26,434.7005407638972,구암동
북구,2023-06-25,2023-07-26,434.7005407638972,노원동
북구,2023-06-25,2023-07-26,434.7005407638972,동천동
북구,2023-06-25,2023-07-26,434.7005407638972,국우동
북구,2023-06-25,2023-07-26,434.7005407638972,대현동
서구,2023-06-25,2023-07-26,453.6968525766002,내당1동
서구,2023-06-25,2023-07-26,453.6968525766002,내당2·3동
서구,2023-06-25,2023-07-26,453.6968525766002,내당4동
서구,2023-06-25,2023-07-26,453.6968525766002,비산1동
서구,2023-06-25,2023-07-26,453.6968525766002,비산2·3동
서구,2023-06-25,2023-07-26,453.6968525766002,비산4동
서구,2023-06-25,2023-07-26,453.6968525766002,비산5동
서구,2023-06-25,2023-07-26,453.6968525766002,비산6동
서구,2023-06-25,2023-07-26,453.6968525766002,비산7동
서구,2023-06-25,2023-07-26,453.6968525766002,평리1동
서구,2023-06-25,2023-07-26,453.6968525766002,평리2동
서구,2023-06-25,2023-07-26,453.6968525766002,평리3동
서구,2023-06-25,2023-07-26,453.6968525766002,평리4동
서구,2023-06-25,2023-07-26,453.6968525766002,평리5동
서구,2023-06-25,2023-07-26,453.6968525766002,평리6동
서구,2023-06-25,2023-07-26,453.6968525766002,상중이동
서구,2023-06-25,2023-07-26,453.6968525766002,원대동
수성구,2023-06-25,2023-07-26,440.0591296738709,범어1동
수성구,2023-06-25,2023-07-26,440.0591296738709,범어2동
수성구,2023-06-25,2023-07-26,440.0591296738709,범어3동
수성구,2023-06-25,2023-07-26,440.0591296738709,범어4동
수성구,2023-06-25,2023-07-26,440.0591296738709,만촌1동
수성구,2023-06-25,2023-07-26,440.0591296738709,만촌2동
수성구,2023-06-25,2023-07-26,440.0591296738709,만촌3동
수성구,2023-06-25,2023-07-26,440.0591296738709,수성1가동
수성구,2023-06-25,2023-07-26,440.0591296738709,수성2·3가동
수성구,2023-06-25,2023-07-26,440.0591296738709,수성4가동
수성구,2023-06-25,2023-07-26,440.0591296738709,황금1동
수성구,2023-06-25,2023-07-26,440.0591296738709,황금2동
수성구,2023-06-25,2023-07-26,440.0591296738709,중동
수성구,2023-06-25,2023-07-26,440.0591296738709,상동
수성구,2023-06-25,2023-07-26,440.0591296738709,파동
수성구,2023-06-25,2023-07-26,440.0591296738709,두산동
수성구,2023-06-25,2023-07-26,440.0591296738709,지산1동
수성구,2023-06-25,2023-07-26,440.0591296738709,지산2동
수성구,2023-06-25,2023-07-26,440.0591296738709,범물1동
수성구,2023-06-25,2023-07-26,440.0591296738709,범물2동
수성구,2023-06-25,2023-07-26,440.0591296738709,고산1동
수성구,2023-06-25,2023-07-26,440.0591296738709,고산2동
수성구,2023-06-25,2023-07-26,440.0591296738709,고산3동
중구,2023-06-25,2023-07-26,440.4511911132653,삼덕동
중구,2023-06-25,2023-07-26,440.4511911132653,성내1동
중구,2023-06-25,2023-07-26,440.4511911132653,성내2동
중구,2023-06-25,2023-07-26,440.4511911132653,성내3동
중구,2023-06-25,2023-07-26,440.4511911132653,대신동
중구,2023-06-25,2023-07-26,440.4511911132653,남산1동
중구,2023-06-25,2023-07-26,440.4511911132653,남산2동
중구,2023-06-25,2023-07-26,440.4511911132653,남산3동
중구,2023-06-25,2023-07-26,440.4511911132653,남산4동
중구,2023-06-25,2023-07-26,440.4511911132653,대봉1동
중구,2023-06-25,2023-07-26,440.4511911132653,대봉2동
중구,2023-06-25,2023-07-26,440.4511911132653,동인동
군위군,2024-06-22,2024-07-27,432.476263103729,군위읍
군위군,2024-06-22,2024-07-27,432.476263103729,소보면
군위군,2024-06-22,2024-07-27,432.476263103729,효령면
군위군,2024-06-22,2024-07-27,432.476263103729,부계면
군위군,2024-06-22,2024-07-27,432.476263103729,우보면
군위군,2024-06-22,2024-07-27,432.476263103729,의흥면
군위군,2024-06-22,2024-07-27,432.476263103729,산성면
군위군,2024-06-22,2024-07-27,432.476263103729,삼국유사면
남구,2024-06-22,2024-07-27,437.40057051172414,이천동
남구,2024-06-22,2024-07-27,437.40057051172414,봉덕1동
남구,2024-06-22,2024-07-27,437.40057051172414,봉덕2동
남구,2024-06-22,2024-07-27,437.40057051172414,봉덕3동
남구,2024-06-22,2024-07-27,437.40057051172414,대명1동
남구,2024-06-22,2024-07-27,437.40057051172414,대명2동
남구,2024-06-22,2024-07-27,437.40057051172414,대명3동
남구,2024-06-22,2024-07-27,437.40057051172414,대명4동
남구,2024-06-22,2024-07-27,437.40057051172414,대명5동
남구,2024-06-22,2024-07-27,437.40057051172414,대명6동
남구,2024-06-22,2024-07-27,437.40057051172414,대명9동
남구,2024-06-22,2024-07-27,437.40057051172414,대명10동
남구,2024-06-22,2024-07-27,437.40057051172414,대명11동
달서구,2024-06-22,2024-07-27,426.30467359173,두류3동
달서구,2024-06-22,2024-07-27,426.30467359173,본리동
달서구,2024-06-22,2024-07-27,426.30467359173,감삼동
달서구,2024-06-22,2024-07-27,426.30467359173,죽전동
달서구,2024-06-22,2024-07-27,426.30467359173,장기동
달서구,2024-06-22,2024-07-27,426.30467359173,이곡1동
달서구,2024-06-22,2024-07-27,426.30467359173,신당동
달서구,2024-06-22,2024-07-27,426.30467359173,월성2동
달서구,2024-06-22,2024-07-27,426.30467359173,상인1동
달서구,2024-06-22,2024-07-27,426.30467359173,상인2동
달서구,2024-06-22,2024-07-27,426.30467359173,상인3동
달서구,2024-06-22,2024-07-27,426.30467359173,도원동
달서구,2024-06-22,2024-07-27,426.30467359173,송현1동
달서구,2024-06-22,2024-07-27,426.30467359173,송현2동
달서구,2024-06-22,2024-07-27,426.30467359173,본동
달서구,2024-06-22,2024-07-27,426.30467359173,용산1동
달서구,2024-06-22,2024-07-27,426.30467359173,용산2동
달서구,2024-06-22,2024-07-27,426.30467359173,이곡2동
달서구,2024-06-22,2024-07-27,426.30467359173,성당동
달서구,2024-06-22,2024-07-27,426.30467359173,두류1·2동
달서구,2024-06-22,2024-07-27,426.30467359173,월성1동
달서구,2024-06-22,2024-07-27,426.30467359173,진천동
달서구,2024-06-22,2024-07-27,426.30467359173,유천동
달성군,2024-06-22,2024-07-27,339.1583820342513,화원읍
달성군,2024-06-22,2024-07-27,339.1583820342513,논공읍
달성군,2024-06-22,2024-07-27,339.1583820342513,다사읍
달성군,2024-06-22,2024-07-27,339.1583820342513,유가읍
달성군,2024-06-22,2024-07-27,339.1583820342513,옥포읍
달성군,2024-06-22,2024-07-27,339.1583820342513,현풍읍
달성군,2024-06-22,2024-07-27,339.1583820342513,가창면
달성군,2024-06-22,2024-07-27,339.1583820342513,하빈면
달성군,2024-06-22,2024-07-27,339.1583820342513,구지면
동구,2024-06-22,2024-07-27,460.6645462106997,신암1동
동구,2024-06-22,2024-07-27,460.6645462106997,신암2동
동구,2024-06-22,2024-07-27,460.6645462106997,신암3동
동구,2024-06-22,2024-07-27,460.6645462106997,신암4동
동구,2024-06-22,2024-07-27,460.6645462106997,신암5동
동구,2024-06-22,2024-07-27,460.6645462106997,신천1·2동
동구,2024-06-22,2024-07-27,460.6645462106997,신천3동
동구,2024-06-22,2024-07-27,460.6645462106997,신천4동
동구,2024-06-22,2024-07-27,460.6645462106997,효목1동
동구,2024-06-22,2024-07-27,460.6645462106997,효목2동
동구,2024-06-22,2024-07-27,460.6645462106997,도평동
동구,2024-06-22,2024-07-27,460.6645462106997,불로·봉무동
동구,2024-06-22,2024-07-27,460.6645462106997,지저동
동구,2024-06-22,2024-07-27,460.6645462106997,동촌동
동구,2024-06-22,2024-07-27,460.6645462106997,방촌동
동구,2024-06-22,2024-07-27,460.6645462106997,해안동
동구,2024-06-22,2024-07-27,460.6645462106997,공산동
동구,2024-06-22,2024-07-27,460.6645462106997,안심1동
동구,2024-06-22,2024-07-27,460.6645462106997,안심2동
동구,2024-06-22,2024-07-27,460.6645462106997,안심3동
동구,2024-06-22,2024-07-27,460.6645462106997,안심4동
동구,2024-06-22,2024-07-27,460.6645462106997,혁신동
북구,2024-06-22,2024-07-27,423.38738707419856,고성동
북구,2024-06-22,2024-07-27,423.38738707419856,칠성동
북구,2024-06-22,2024-07-27,423.38738707419856,침산1동
북구,2024-06-22,2024-07-27,423.38738707419856,침산2동
북구,2024-06-22,2024-07-27,423.38738707419856,침산3동
북구,2024-06-22,2024-07-27,423.38738707419856,산격1동
북구,2024-06-22,2024-07-27,423.38738707419856,산격2동
북구,2024-06-22,2024-07-27,423.38738707419856,산격3동
북구,2024-06-22,2024-07-27,423.38738707419856,산격4동
북구,2024-06-22,2024-07-27,423.38738707419856,복현1동
북구,2024-06-22,2024-07-27,423.38738707419856,복현2동
북구,2024-06-22,2024-07-27,423.38738707419856,검단동
북구,2024-06-22,2024-07-27,423.38738707419856,무태조야동
북구,2024-06-22,2024-07-27,423.38738707419856,태전2동
북구,2024-06-22,2024-07-27,423.38738707419856,관문동
북구,2024-06-22,2024-07-27,423.38738707419856,읍내동
북구,2024-06-22,2024-07-27,423.38738707419856,관음동
북구,2024-06-22,2024-07-27,423.38738707419856,태전1동
북구,2024-06-22,2024-07-27,423.38738707419856,구암동
북구,2024-06-22,2024-07-27,423.38738707419856,노원동
북구,2024-06-22,2024-07-27,423.38738707419856,동천동
북구,2024-06-22,2024-07-27,423.38738707419856,국우동
북구,2024-06-22,2024-07-27,423.38738707419856,대현동
서구,2024-06-22,2024-07-27,432.93685846440655,내당1동
서구,2024-06-22,2024-07-27,432.93685846440655,내당2·3동
서구,2024-06-22,2024-07-27,432.93685846440655,내당4동
서구,2024-06-22,2024-07-27,432.93685846440655,비산1동
서구,2024-06-22,2024-07-27,432.93685846440655,비산2·3동
서구,2024-06-22,2024-07-27,432.93685846440655,비산4동
서구,2024-06-22,2024-07-27,432.93685846440655,비산5동
서구,2024-06-22,2024-07-27,432.93685846440655,비산6동
서구,2024-06-22,2024-07-27,432.93685846440655,비산7동
서구,2024-06-22,2024-07-27,432.93685846440655,평리1동
서구,2024-06-22,2024-07-27,432.93685846440655,평리2동
서구,2024-06-22,2024-07-27,432.93685846440655,평리3동
서구,2024-06-22,2024-07-27,432.93685846440655,평리4동
서구,2024-06-22,2024-07-27,432.93685846440655,평리5동
서구,2024-06-22,2024-07-27,432.93685846440655,평리6동
서구,2024-06-22,2024-07-27,432.93685846440655,상중이동
서구,2024-06-22,2024-07-27,432.93685846440655,원대동
수성구,2024-06-22,2024-07-27,454.7991796097156,범어1동
수성구,2024-06-22,2024-07-27,454.7991796097156,범어2동
수성구,2024-06-22,2024-07-27,454.7991796097156,범어3동
수성구,2024-06-22,2024-07-27,454.7991796097156,범어4동
수성구,2024-06-22,2024-07-27,454.7991796097156,만촌1동
수성구,2024-06-22,2024-07-27,454.7991796097156,만촌2동
수성구,2024-06-22,2024-07-27,454.7991796097156,만촌3동
수성구,2024-06-22,2024-07-27,454.7991796097156,수성1가동
수성구,2024-06-22,2024-07-27,454.7991796097156,수성2·3가동
수성구,2024-06-22,2024-07-27,454.7991796097156,수성4가동
수성구,2024-06-22,2024-07-27,454.7991796097156,황금1동
수성구,2024-06-22,2024-07-27,454.7991796097156,황금2동
수성구,2024-06-22,2024-07-27,454.7991796097156,중동
수성구,2024-06-22,2024-07-27,454.7991796097156,상동
수성구,2024-06-22,2024-07-27,454.7991796097156,파동
수성구,2024-06-22,2024-07-27,454.7991796097156,두산동
수성구,2024-06-22,2024-07-27,454.7991796097156,지산1동
수성구,2024-06-22,2024-07-27,454.7991796097156,지산2동
수성구,2024-06-22,2024-07-27,454.7991796097156,범물1동
수성구,2024-06-22,2024-07-27,454.7991796097156,범물2동
수성구,2024-06-22,2024-07-27,454.7991796097156,고산1동
수성구,2024-06-22,2024-07-27,454.7991796097156,고산2동
수성구,2024-06-22,2024-07-27,454.7991796097156,고산3동
중구,2024-06-22,2024-07-27,448.7179199565385,삼덕동
중구,2024-06-22,2024-07-27,448.7179199565385,성내1동
중구,2024-06-22,2024-07-27,448.7179199565385,성내2동
중구,2024-06-22,2024-07-27,448.7179199565385,성내3동
중구,2024-06-22,2024-07-27,448.7179199565385,대신동
중구,2024-06-22,2024-07-27,448.7179199565385,남산1동
중구,2024-06-22,2024-07-27,448.7179199565385,남산2동
중구,2024-06-22,2024-07-27,448.7179199565385,남산3동
중구,2024-06-22,2024-07-27,448.7179199565385,남산4동
중구,2024-06-22,2024-07-27,448.7179199565385,대봉1동
중구,2024-06-22,2024-07-27,448.7179199565385,대봉2동
중구,2024-06-22,2024-07-27,448.7179199565385,동인동
